{
"meta":{"test_sets":[],"test_metrics":[],"learn_metrics":[{"best_value":"Min","name":"RMSE"}],"launch_mode":"Train","parameters":"","iteration_count":1000,"learn_sets":["learn"],"name":"experiment"},
"iterations":[
{"learn":[63.34805532],"iteration":0,"passed_time":0.002061908788,"remaining_time":2.059846879},
{"learn":[62.85372254],"iteration":1,"passed_time":0.00347603584,"remaining_time":1.734541884},
{"learn":[62.31346329],"iteration":2,"passed_time":0.005531321113,"remaining_time":1.838242383},
{"learn":[61.86506584],"iteration":3,"passed_time":0.007641688281,"remaining_time":1.902780382},
{"learn":[61.43264408],"iteration":4,"passed_time":0.01008993774,"remaining_time":2.007897611},
{"learn":[61.01804588],"iteration":5,"passed_time":0.01201428687,"remaining_time":1.990366858},
{"learn":[60.67410604],"iteration":6,"passed_time":0.01400645732,"remaining_time":1.986916017},
{"learn":[60.34444154],"iteration":7,"passed_time":0.01592647014,"remaining_time":1.974882298},
{"learn":[59.8892204],"iteration":8,"passed_time":0.01782185657,"remaining_time":1.962384429},
{"learn":[59.49038684],"iteration":9,"passed_time":0.01963705311,"remaining_time":1.944068258},
{"learn":[59.23726714],"iteration":10,"passed_time":0.02141412875,"remaining_time":1.925324849},
{"learn":[58.97288932],"iteration":11,"passed_time":0.02338992385,"remaining_time":1.925770397},
{"learn":[58.7649904],"iteration":12,"passed_time":0.02542990633,"remaining_time":1.930716735},
{"learn":[58.56149706],"iteration":13,"passed_time":0.02749078124,"remaining_time":1.93613645},
{"learn":[58.23107342],"iteration":14,"passed_time":0.02941823535,"remaining_time":1.931797454},
{"learn":[58.02872859],"iteration":15,"passed_time":0.03138808662,"remaining_time":1.930367327},
{"learn":[57.8253584],"iteration":16,"passed_time":0.03340891061,"remaining_time":1.931821125},
{"learn":[57.64294847],"iteration":17,"passed_time":0.0356538802,"remaining_time":1.945117242},
{"learn":[57.45244961],"iteration":18,"passed_time":0.03757148775,"remaining_time":1.939875236},
{"learn":[57.2056687],"iteration":19,"passed_time":0.03962485134,"remaining_time":1.941617715},
{"learn":[57.06256195],"iteration":20,"passed_time":0.04158972463,"remaining_time":1.938873353},
{"learn":[56.86909389],"iteration":21,"passed_time":0.0434776591,"remaining_time":1.932779573},
{"learn":[56.77217006],"iteration":22,"passed_time":0.0457326837,"remaining_time":1.942644868},
{"learn":[56.63354613],"iteration":23,"passed_time":0.04767427664,"remaining_time":1.938753917},
{"learn":[56.5329756],"iteration":24,"passed_time":0.04956156644,"remaining_time":1.932901091},
{"learn":[56.44027369],"iteration":25,"passed_time":0.05130821394,"remaining_time":1.92208463},
{"learn":[56.31173384],"iteration":26,"passed_time":0.05312758002,"remaining_time":1.914560569},
{"learn":[56.22279359],"iteration":27,"passed_time":0.05509613861,"remaining_time":1.912623097},
{"learn":[56.16207175],"iteration":28,"passed_time":0.05683141474,"remaining_time":1.902872542},
{"learn":[56.08202762],"iteration":29,"passed_time":0.05866076346,"remaining_time":1.896698019},
{"learn":[55.8668229],"iteration":30,"passed_time":0.06051121337,"remaining_time":1.891463412},
{"learn":[55.75218828],"iteration":31,"passed_time":0.06225039691,"remaining_time":1.883074507},
{"learn":[55.66187405],"iteration":32,"passed_time":0.06398568438,"remaining_time":1.874974448},
{"learn":[55.56088841],"iteration":33,"passed_time":0.06578096969,"remaining_time":1.868953433},
{"learn":[55.46172796],"iteration":34,"passed_time":0.06774249088,"remaining_time":1.867757248},
{"learn":[55.37125751],"iteration":35,"passed_time":0.0697200956,"remaining_time":1.866949226},
{"learn":[55.29966385],"iteration":36,"passed_time":0.07157175015,"remaining_time":1.862799875},
{"learn":[55.26379414],"iteration":37,"passed_time":0.07338735424,"remaining_time":1.85785881},
{"learn":[55.18158482],"iteration":38,"passed_time":0.07530674874,"remaining_time":1.855635527},
{"learn":[55.09028075],"iteration":39,"passed_time":0.07709214613,"remaining_time":1.850211507},
{"learn":[55.05260775],"iteration":40,"passed_time":0.07884874958,"remaining_time":1.844291484},
{"learn":[55.00488654],"iteration":41,"passed_time":0.08060805446,"remaining_time":1.838631337},
{"learn":[54.92747663],"iteration":42,"passed_time":0.08244366517,"remaining_time":1.834850874},
{"learn":[54.89810632],"iteration":43,"passed_time":0.08428555721,"remaining_time":1.831295288},
{"learn":[54.78858423],"iteration":44,"passed_time":0.08613948363,"remaining_time":1.828071264},
{"learn":[54.62310731],"iteration":45,"passed_time":0.08789289205,"remaining_time":1.822822153},
{"learn":[54.53466008],"iteration":46,"passed_time":0.08970126164,"remaining_time":1.81883622},
{"learn":[54.4544621],"iteration":47,"passed_time":0.09144208671,"remaining_time":1.813601386},
{"learn":[54.30842641],"iteration":48,"passed_time":0.09326203678,"remaining_time":1.810044836},
{"learn":[54.25595721],"iteration":49,"passed_time":0.09506231407,"remaining_time":1.806183967},
{"learn":[54.22704215],"iteration":50,"passed_time":0.09687976247,"remaining_time":1.802723423},
{"learn":[54.15561986],"iteration":51,"passed_time":0.09861267001,"remaining_time":1.79778483},
{"learn":[54.08509136],"iteration":52,"passed_time":0.1004910194,"remaining_time":1.79556595},
{"learn":[54.02618241],"iteration":53,"passed_time":0.1022967983,"remaining_time":1.792088355},
{"learn":[53.88871736],"iteration":54,"passed_time":0.1040650826,"remaining_time":1.788027328},
{"learn":[53.83202143],"iteration":55,"passed_time":0.1057263761,"remaining_time":1.782244626},
{"learn":[53.76020459],"iteration":56,"passed_time":0.1076019397,"remaining_time":1.780151388},
{"learn":[53.66883207],"iteration":57,"passed_time":0.1094081081,"remaining_time":1.776938584},
{"learn":[53.64391985],"iteration":58,"passed_time":0.1111428086,"remaining_time":1.772633608},
{"learn":[53.6263637],"iteration":59,"passed_time":0.1127891315,"remaining_time":1.767029727},
{"learn":[53.56265481],"iteration":60,"passed_time":0.1145355636,"remaining_time":1.763096626},
{"learn":[53.53034565],"iteration":61,"passed_time":0.1163563811,"remaining_time":1.760359443},
{"learn":[53.46184946],"iteration":62,"passed_time":0.1181600182,"remaining_time":1.757395826},
{"learn":[53.40847426],"iteration":63,"passed_time":0.1199220599,"remaining_time":1.753860125},
{"learn":[53.23824818],"iteration":64,"passed_time":0.1217995088,"remaining_time":1.752039088},
{"learn":[53.22182977],"iteration":65,"passed_time":0.1237323447,"remaining_time":1.751000151},
{"learn":[53.16782349],"iteration":66,"passed_time":0.1255131037,"remaining_time":1.747816802},
{"learn":[53.14550487],"iteration":67,"passed_time":0.1273600444,"remaining_time":1.745581785},
{"learn":[53.04621926],"iteration":68,"passed_time":0.1291537715,"remaining_time":1.742640019},
{"learn":[53.00156372],"iteration":69,"passed_time":0.1311434213,"remaining_time":1.742334026},
{"learn":[52.94005022],"iteration":70,"passed_time":0.1330563961,"remaining_time":1.740977351},
{"learn":[52.90840716],"iteration":71,"passed_time":0.1347989154,"remaining_time":1.737408243},
{"learn":[52.86198578],"iteration":72,"passed_time":0.1364953976,"remaining_time":1.733304569},
{"learn":[52.85087588],"iteration":73,"passed_time":0.1382659011,"remaining_time":1.730192222},
{"learn":[52.81938792],"iteration":74,"passed_time":0.1399988553,"remaining_time":1.726652549},
{"learn":[52.78475456],"iteration":75,"passed_time":0.1417318195,"remaining_time":1.723160543},
{"learn":[52.73778948],"iteration":76,"passed_time":0.143459613,"remaining_time":1.719652245},
{"learn":[52.6789644],"iteration":77,"passed_time":0.1452048324,"remaining_time":1.716395584},
{"learn":[52.63122972],"iteration":78,"passed_time":0.1471001205,"remaining_time":1.714926721},
{"learn":[52.60861496],"iteration":79,"passed_time":0.1488277339,"remaining_time":1.71151894},
{"learn":[52.58494656],"iteration":80,"passed_time":0.1505707641,"remaining_time":1.708327558},
{"learn":[52.53275118],"iteration":81,"passed_time":0.1524910698,"remaining_time":1.707156123},
{"learn":[52.48955416],"iteration":82,"passed_time":0.1543997322,"remaining_time":1.705838006},
{"learn":[52.4037253],"iteration":83,"passed_time":0.1561363684,"remaining_time":1.702629922},
{"learn":[52.37578096],"iteration":84,"passed_time":0.1580293036,"remaining_time":1.701138974},
{"learn":[52.33298939],"iteration":85,"passed_time":0.1597607937,"remaining_time":1.697922854},
{"learn":[52.23549267],"iteration":86,"passed_time":0.1617705128,"remaining_time":1.697660669},
{"learn":[52.20908605],"iteration":87,"passed_time":0.1634912445,"remaining_time":1.694363807},
{"learn":[52.19054194],"iteration":88,"passed_time":0.1655257141,"remaining_time":1.69431377},
{"learn":[52.16757815],"iteration":89,"passed_time":0.167218447,"remaining_time":1.690764297},
{"learn":[52.10242516],"iteration":90,"passed_time":0.1689211458,"remaining_time":1.687355182},
{"learn":[52.06595586],"iteration":91,"passed_time":0.1706826692,"remaining_time":1.684563735},
{"learn":[51.98739412],"iteration":92,"passed_time":0.1725872972,"remaining_time":1.683190092},
{"learn":[51.94338723],"iteration":93,"passed_time":0.1744262043,"remaining_time":1.681171714},
{"learn":[51.91012925],"iteration":94,"passed_time":0.1773920755,"remaining_time":1.689892929},
{"learn":[51.90441996],"iteration":95,"passed_time":0.1796401474,"remaining_time":1.691611388},
{"learn":[51.88367911],"iteration":96,"passed_time":0.1819829445,"remaining_time":1.694129886},
{"learn":[51.84929396],"iteration":97,"passed_time":0.1838660384,"remaining_time":1.692318027},
{"learn":[51.80824871],"iteration":98,"passed_time":0.1856288358,"remaining_time":1.68940991},
{"learn":[51.77386184],"iteration":99,"passed_time":0.1874647187,"remaining_time":1.687182468},
{"learn":[51.71215515],"iteration":100,"passed_time":0.1894479938,"remaining_time":1.686274717},
{"learn":[51.66543907],"iteration":101,"passed_time":0.1914069859,"remaining_time":1.685132092},
{"learn":[51.65703396],"iteration":102,"passed_time":0.193267727,"remaining_time":1.683117972},
{"learn":[51.6057929],"iteration":103,"passed_time":0.1950245052,"remaining_time":1.680211122},
{"learn":[51.56719259],"iteration":104,"passed_time":0.1968032944,"remaining_time":1.677513795},
{"learn":[51.55381094],"iteration":105,"passed_time":0.1985250067,"remaining_time":1.674352415},
{"learn":[51.51525314],"iteration":106,"passed_time":0.2000104105,"remaining_time":1.669245763},
{"learn":[51.50115189],"iteration":107,"passed_time":0.2017660888,"remaining_time":1.666438437},
{"learn":[51.49150648],"iteration":108,"passed_time":0.2035443544,"remaining_time":1.663835044},
{"learn":[51.45462972],"iteration":109,"passed_time":0.2053886097,"remaining_time":1.66178057},
{"learn":[51.42543134],"iteration":110,"passed_time":0.2078187186,"remaining_time":1.664421989},
{"learn":[51.4250798],"iteration":111,"passed_time":0.2089179192,"remaining_time":1.656420645},
{"learn":[51.38475107],"iteration":112,"passed_time":0.210581704,"remaining_time":1.652973199},
{"learn":[51.3400006],"iteration":113,"passed_time":0.2126203155,"remaining_time":1.652470171},
{"learn":[51.21734487],"iteration":114,"passed_time":0.2144908444,"remaining_time":1.650646933},
{"learn":[51.11079225],"iteration":115,"passed_time":0.2163841317,"remaining_time":1.648996314},
{"learn":[51.07447565],"iteration":116,"passed_time":0.2181483738,"remaining_time":1.646367642},
{"learn":[51.03799758],"iteration":117,"passed_time":0.2199199452,"remaining_time":1.643808404},
{"learn":[51.0142792],"iteration":118,"passed_time":0.2218968042,"remaining_time":1.642782223},
{"learn":[50.99150084],"iteration":119,"passed_time":0.2236850405,"remaining_time":1.640356963},
{"learn":[50.95825838],"iteration":120,"passed_time":0.2254157055,"remaining_time":1.637524009},
{"learn":[50.92882794],"iteration":121,"passed_time":0.2272125449,"remaining_time":1.635185364},
{"learn":[50.90266244],"iteration":122,"passed_time":0.228933903,"remaining_time":1.632317341},
{"learn":[50.86929508],"iteration":123,"passed_time":0.2306881692,"remaining_time":1.629700292},
{"learn":[50.83944574],"iteration":124,"passed_time":0.23243588,"remaining_time":1.62705116},
{"learn":[50.82942438],"iteration":125,"passed_time":0.2342017677,"remaining_time":1.62454242},
{"learn":[50.81145222],"iteration":126,"passed_time":0.2359039456,"remaining_time":1.621607437},
{"learn":[50.78668327],"iteration":127,"passed_time":0.2377701158,"remaining_time":1.619808914},
{"learn":[50.76897157],"iteration":128,"passed_time":0.2395088458,"remaining_time":1.617148874},
{"learn":[50.74247997],"iteration":129,"passed_time":0.2412759918,"remaining_time":1.614693176},
{"learn":[50.73025681],"iteration":130,"passed_time":0.2430862938,"remaining_time":1.612534269},
{"learn":[50.62111564],"iteration":131,"passed_time":0.2447898371,"remaining_time":1.609678626},
{"learn":[50.60809803],"iteration":132,"passed_time":0.2465576431,"remaining_time":1.607259223},
{"learn":[50.59809087],"iteration":133,"passed_time":0.2483200257,"remaining_time":1.604814494},
{"learn":[50.57681282],"iteration":134,"passed_time":0.2500197076,"remaining_time":1.601978126},
{"learn":[50.49905027],"iteration":135,"passed_time":0.2518209187,"remaining_time":1.599803483},
{"learn":[50.46927253],"iteration":136,"passed_time":0.2536334568,"remaining_time":1.597705644},
{"learn":[50.39737589],"iteration":137,"passed_time":0.2554440909,"remaining_time":1.595600046},
{"learn":[50.39662573],"iteration":138,"passed_time":0.2564205311,"remaining_time":1.588331491},
{"learn":[50.37134766],"iteration":139,"passed_time":0.2580947555,"remaining_time":1.585439212},
{"learn":[50.35004831],"iteration":140,"passed_time":0.2597897916,"remaining_time":1.582691},
{"learn":[50.29591481],"iteration":141,"passed_time":0.2615077859,"remaining_time":1.58009634},
{"learn":[50.28121617],"iteration":142,"passed_time":0.26319404,"remaining_time":1.577323722},
{"learn":[50.25908002],"iteration":143,"passed_time":0.2650126083,"remaining_time":1.575352727},
{"learn":[50.23469275],"iteration":144,"passed_time":0.2667438376,"remaining_time":1.572868836},
{"learn":[50.22594885],"iteration":145,"passed_time":0.2688562659,"remaining_time":1.572625007},
{"learn":[50.19852798],"iteration":146,"passed_time":0.2705715701,"remaining_time":1.570051356},
{"learn":[50.17400554],"iteration":147,"passed_time":0.2723148465,"remaining_time":1.567650332},
{"learn":[50.07133113],"iteration":148,"passed_time":0.27407219,"remaining_time":1.565338481},
{"learn":[50.04840366],"iteration":149,"passed_time":0.275819187,"remaining_time":1.562975393},
{"learn":[49.96405806],"iteration":150,"passed_time":0.2775949626,"remaining_time":1.560782273},
{"learn":[49.87310681],"iteration":151,"passed_time":0.2794259922,"remaining_time":1.558902904},
{"learn":[49.80026664],"iteration":152,"passed_time":0.2811771501,"remaining_time":1.556582001},
{"learn":[49.7943633],"iteration":153,"passed_time":0.2830765734,"remaining_time":1.555082994},
{"learn":[49.76727977],"iteration":154,"passed_time":0.2848720908,"remaining_time":1.553012366},
{"learn":[49.74778959],"iteration":155,"passed_time":0.2865832595,"remaining_time":1.550488917},
{"learn":[49.73266338],"iteration":156,"passed_time":0.2882899578,"remaining_time":1.547951811},
{"learn":[49.65542753],"iteration":157,"passed_time":0.2900470388,"remaining_time":1.545693713},
{"learn":[49.63341074],"iteration":158,"passed_time":0.2918496924,"remaining_time":1.543682964},
{"learn":[49.61648994],"iteration":159,"passed_time":0.2932661346,"remaining_time":1.539647207},
{"learn":[49.57609766],"iteration":160,"passed_time":0.2949398034,"remaining_time":1.536984441},
{"learn":[49.5518125],"iteration":161,"passed_time":0.2967804101,"remaining_time":1.53519743},
{"learn":[49.51303485],"iteration":162,"passed_time":0.2986412649,"remaining_time":1.533513734},
{"learn":[49.48772614],"iteration":163,"passed_time":0.3003956158,"remaining_time":1.531284968},
{"learn":[49.47054342],"iteration":164,"passed_time":0.3021464015,"remaining_time":1.529043911},
{"learn":[49.37500916],"iteration":165,"passed_time":0.3039127711,"remaining_time":1.526887055},
{"learn":[49.36496102],"iteration":166,"passed_time":0.3056458121,"remaining_time":1.524568631},
{"learn":[49.34710816],"iteration":167,"passed_time":0.3074062942,"remaining_time":1.522393076},
{"learn":[49.32532736],"iteration":168,"passed_time":0.3091564162,"remaining_time":1.520171491},
{"learn":[49.31333738],"iteration":169,"passed_time":0.3109031885,"remaining_time":1.517939097},
{"learn":[49.30599092],"iteration":170,"passed_time":0.3126594918,"remaining_time":1.515758589},
{"learn":[49.27621628],"iteration":171,"passed_time":0.3144834586,"remaining_time":1.513908743},
{"learn":[49.19957052],"iteration":172,"passed_time":0.3162675533,"remaining_time":1.511868593},
{"learn":[49.17318915],"iteration":173,"passed_time":0.3180523397,"remaining_time":1.50983467},
{"learn":[49.14765549],"iteration":174,"passed_time":0.3198124844,"remaining_time":1.507687426},
{"learn":[49.12965639],"iteration":175,"passed_time":0.3215886242,"remaining_time":1.505619468},
{"learn":[49.11286793],"iteration":176,"passed_time":0.3233539636,"remaining_time":1.503504588},
{"learn":[49.09055059],"iteration":177,"passed_time":0.3250669686,"remaining_time":1.501151956},
{"learn":[49.02857307],"iteration":178,"passed_time":0.3268079818,"remaining_time":1.498934933},
{"learn":[48.99677947],"iteration":179,"passed_time":0.3286149633,"remaining_time":1.497023722},
{"learn":[48.97529826],"iteration":180,"passed_time":0.3303392509,"remaining_time":1.494739483},
{"learn":[48.95160194],"iteration":181,"passed_time":0.3320508105,"remaining_time":1.492404192},
{"learn":[48.93311412],"iteration":182,"passed_time":0.333793051,"remaining_time":1.490212692},
{"learn":[48.92179262],"iteration":183,"passed_time":0.335534972,"remaining_time":1.488024658},
{"learn":[48.88180886],"iteration":184,"passed_time":0.3374699564,"remaining_time":1.48669197},
{"learn":[48.86889484],"iteration":185,"passed_time":0.3392075531,"remaining_time":1.484488969},
{"learn":[48.85425741],"iteration":186,"passed_time":0.3409276305,"remaining_time":1.482214779},
{"learn":[48.77272658],"iteration":187,"passed_time":0.3427045614,"remaining_time":1.480192042},
{"learn":[48.7570184],"iteration":188,"passed_time":0.3445723915,"remaining_time":1.478561955},
{"learn":[48.70059904],"iteration":189,"passed_time":0.3463372807,"remaining_time":1.476490513},
{"learn":[48.67966319],"iteration":190,"passed_time":0.3480919515,"remaining_time":1.474378999},
{"learn":[48.65986152],"iteration":191,"passed_time":0.3497754528,"remaining_time":1.471971697},
{"learn":[48.62303779],"iteration":192,"passed_time":0.3515500425,"remaining_time":1.469952768},
{"learn":[48.59989951],"iteration":193,"passed_time":0.3533519386,"remaining_time":1.468049807},
{"learn":[48.58667702],"iteration":194,"passed_time":0.3551406247,"remaining_time":1.466093348},
{"learn":[48.57822001],"iteration":195,"passed_time":0.3568307529,"remaining_time":1.463734313},
{"learn":[48.558514],"iteration":196,"passed_time":0.3585265688,"remaining_time":1.461405252},
{"learn":[48.54828344],"iteration":197,"passed_time":0.3603360403,"remaining_time":1.459542951},
{"learn":[48.53290892],"iteration":198,"passed_time":0.3621005533,"remaining_time":1.457500217},
{"learn":[48.51509545],"iteration":199,"passed_time":0.363823208,"remaining_time":1.455292832},
{"learn":[48.50742097],"iteration":200,"passed_time":0.3655453459,"remaining_time":1.453088216},
{"learn":[48.49559353],"iteration":201,"passed_time":0.3677108996,"remaining_time":1.452640089},
{"learn":[48.47970696],"iteration":202,"passed_time":0.369693565,"remaining_time":1.451457002},
{"learn":[48.39971372],"iteration":203,"passed_time":0.3715416844,"remaining_time":1.449741082},
{"learn":[48.32602575],"iteration":204,"passed_time":0.3733601307,"remaining_time":1.447908799},
{"learn":[48.31865189],"iteration":205,"passed_time":0.3753020961,"remaining_time":1.446552739},
{"learn":[48.292992],"iteration":206,"passed_time":0.3770341512,"remaining_time":1.444386869},
{"learn":[48.27470276],"iteration":207,"passed_time":0.3787940731,"remaining_time":1.442331278},
{"learn":[48.26761066],"iteration":208,"passed_time":0.3805397554,"remaining_time":1.440224625},
{"learn":[48.18891019],"iteration":209,"passed_time":0.3823943825,"remaining_time":1.438531249},
{"learn":[48.1708973],"iteration":210,"passed_time":0.3841749847,"remaining_time":1.43655954},
{"learn":[48.15285421],"iteration":211,"passed_time":0.385926819,"remaining_time":1.434482704},
{"learn":[48.12709075],"iteration":212,"passed_time":0.3876313221,"remaining_time":1.43223404},
{"learn":[48.10142597],"iteration":213,"passed_time":0.3893340196,"remaining_time":1.429983829},
{"learn":[48.08550546],"iteration":214,"passed_time":0.3912215966,"remaining_time":1.428413736},
{"learn":[48.01332806],"iteration":215,"passed_time":0.3929784755,"remaining_time":1.426366318},
{"learn":[47.94328741],"iteration":216,"passed_time":0.3947158227,"remaining_time":1.424251102},
{"learn":[47.93052605],"iteration":217,"passed_time":0.3964251184,"remaining_time":1.422038728},
{"learn":[47.91454617],"iteration":218,"passed_time":0.3980828867,"remaining_time":1.41964719},
{"learn":[47.89692243],"iteration":219,"passed_time":0.3998202136,"remaining_time":1.417544394},
{"learn":[47.87807872],"iteration":220,"passed_time":0.4015517811,"remaining_time":1.415424604},
{"learn":[47.87135698],"iteration":221,"passed_time":0.4032678804,"remaining_time":1.413254103},
{"learn":[47.85557782],"iteration":222,"passed_time":0.4051030882,"remaining_time":1.411502689},
{"learn":[47.84914491],"iteration":223,"passed_time":0.4068323755,"remaining_time":1.409383587},
{"learn":[47.83446125],"iteration":224,"passed_time":0.4085022156,"remaining_time":1.407063187},
{"learn":[47.82184719],"iteration":225,"passed_time":0.4102777698,"remaining_time":1.405110592},
{"learn":[47.81565555],"iteration":226,"passed_time":0.4119955013,"remaining_time":1.402962654},
{"learn":[47.79057629],"iteration":227,"passed_time":0.4136995922,"remaining_time":1.400772303},
{"learn":[47.77623429],"iteration":228,"passed_time":0.4154699709,"remaining_time":1.398809378},
{"learn":[47.70348535],"iteration":229,"passed_time":0.4172477269,"remaining_time":1.396872825},
{"learn":[47.68426456],"iteration":230,"passed_time":0.4190868268,"remaining_time":1.395141861},
{"learn":[47.67215721],"iteration":231,"passed_time":0.4208150632,"remaining_time":1.393042968},
{"learn":[47.65912982],"iteration":232,"passed_time":0.4226981805,"remaining_time":1.391457101},
{"learn":[47.64618931],"iteration":233,"passed_time":0.4244340136,"remaining_time":1.389386557},
{"learn":[47.64064383],"iteration":234,"passed_time":0.4261499728,"remaining_time":1.387254167},
{"learn":[47.62737601],"iteration":235,"passed_time":0.4278815129,"remaining_time":1.385175745},
{"learn":[47.62202761],"iteration":236,"passed_time":0.429633057,"remaining_time":1.383164652},
{"learn":[47.53217737],"iteration":237,"passed_time":0.4313840028,"remaining_time":1.381153824},
{"learn":[47.5080989],"iteration":238,"passed_time":0.4330774534,"remaining_time":1.378962101},
{"learn":[47.44002509],"iteration":239,"passed_time":0.4347632346,"remaining_time":1.376750243},
{"learn":[47.43343138],"iteration":240,"passed_time":0.4367177708,"remaining_time":1.375389162},
{"learn":[47.36547132],"iteration":241,"passed_time":0.438604607,"remaining_time":1.373811124},
{"learn":[47.29617039],"iteration":242,"passed_time":0.440364719,"remaining_time":1.371835771},
{"learn":[47.26554296],"iteration":243,"passed_time":0.4421504025,"remaining_time":1.369941411},
{"learn":[47.19990037],"iteration":244,"passed_time":0.443912018,"remaining_time":1.36797377},
{"learn":[47.18782874],"iteration":245,"passed_time":0.4456689989,"remaining_time":1.365993598},
{"learn":[47.17003155],"iteration":246,"passed_time":0.4473851709,"remaining_time":1.363890825},
{"learn":[47.15759741],"iteration":247,"passed_time":0.4492401202,"remaining_time":1.362211977},
{"learn":[47.07170779],"iteration":248,"passed_time":0.4513131519,"remaining_time":1.361189466},
{"learn":[47.01046892],"iteration":249,"passed_time":0.4535957855,"remaining_time":1.360787357},
{"learn":[46.94743468],"iteration":250,"passed_time":0.4555734082,"remaining_time":1.359460091},
{"learn":[46.92700873],"iteration":251,"passed_time":0.4573883083,"remaining_time":1.357644661},
{"learn":[46.90853776],"iteration":252,"passed_time":0.4591406171,"remaining_time":1.355644431},
{"learn":[46.85458351],"iteration":253,"passed_time":0.4614295177,"remaining_time":1.355222127},
{"learn":[46.84346079],"iteration":254,"passed_time":0.463278819,"remaining_time":1.353500863},
{"learn":[46.8295287],"iteration":255,"passed_time":0.4651398235,"remaining_time":1.351812612},
{"learn":[46.76109099],"iteration":256,"passed_time":0.4673815911,"remaining_time":1.351223822},
{"learn":[46.74919123],"iteration":257,"passed_time":0.4693421251,"remaining_time":1.349813398},
{"learn":[46.73761613],"iteration":258,"passed_time":0.4710900212,"remaining_time":1.34779037},
{"learn":[46.71368177],"iteration":259,"passed_time":0.4730319497,"remaining_time":1.346321703},
{"learn":[46.65332631],"iteration":260,"passed_time":0.4753743043,"remaining_time":1.345983183},
{"learn":[46.59747427],"iteration":261,"passed_time":0.4771789512,"remaining_time":1.344114756},
{"learn":[46.59256567],"iteration":262,"passed_time":0.4788850399,"remaining_time":1.341970625},
{"learn":[46.53544935],"iteration":263,"passed_time":0.4809420911,"remaining_time":1.340808254},
{"learn":[46.52940171],"iteration":264,"passed_time":0.4830753531,"remaining_time":1.339850508},
{"learn":[46.45219019],"iteration":265,"passed_time":0.4853599794,"remaining_time":1.339301597},
{"learn":[46.44303566],"iteration":266,"passed_time":0.487610653,"remaining_time":1.338646474},
{"learn":[46.38506858],"iteration":267,"passed_time":0.4895364219,"remaining_time":1.337092018},
{"learn":[46.37246302],"iteration":268,"passed_time":0.4912736884,"remaining_time":1.335022551},
{"learn":[46.35950673],"iteration":269,"passed_time":0.4930201338,"remaining_time":1.332980362},
{"learn":[46.34851783],"iteration":270,"passed_time":0.495385648,"remaining_time":1.332605673},
{"learn":[46.26532497],"iteration":271,"passed_time":0.4972758513,"remaining_time":1.33094419},
{"learn":[46.17591554],"iteration":272,"passed_time":0.4991406225,"remaining_time":1.329213306},
{"learn":[46.16515014],"iteration":273,"passed_time":0.5013365351,"remaining_time":1.328358848},
{"learn":[46.10193065],"iteration":274,"passed_time":0.5032852642,"remaining_time":1.326842969},
{"learn":[46.08470941],"iteration":275,"passed_time":0.505045699,"remaining_time":1.324830022},
{"learn":[46.02813614],"iteration":276,"passed_time":0.5067937966,"remaining_time":1.322786696},
{"learn":[45.94697526],"iteration":277,"passed_time":0.5091556208,"remaining_time":1.322339418},
{"learn":[45.92378409],"iteration":278,"passed_time":0.5110870084,"remaining_time":1.320766068},
{"learn":[45.90839314],"iteration":279,"passed_time":0.5127308753,"remaining_time":1.318450822},
{"learn":[45.90294968],"iteration":280,"passed_time":0.5150854091,"remaining_time":1.317958751},
{"learn":[45.89148763],"iteration":281,"passed_time":0.5170003122,"remaining_time":1.316334128},
{"learn":[45.8708617],"iteration":282,"passed_time":0.5187793899,"remaining_time":1.314363331},
{"learn":[45.82614578],"iteration":283,"passed_time":0.5206011052,"remaining_time":1.312501378},
{"learn":[45.8095281],"iteration":284,"passed_time":0.5227340674,"remaining_time":1.311420555},
{"learn":[45.74520352],"iteration":285,"passed_time":0.5247150365,"remaining_time":1.309952923},
{"learn":[45.69222459],"iteration":286,"passed_time":0.5264732835,"remaining_time":1.307928401},
{"learn":[45.66893265],"iteration":287,"passed_time":0.5285392328,"remaining_time":1.306666437},
{"learn":[45.65119395],"iteration":288,"passed_time":0.5310623523,"remaining_time":1.306523642},
{"learn":[45.57359055],"iteration":289,"passed_time":0.5340025702,"remaining_time":1.307385603},
{"learn":[45.55554654],"iteration":290,"passed_time":0.5367339912,"remaining_time":1.307712714},
{"learn":[45.54198268],"iteration":291,"passed_time":0.5393323106,"remaining_time":1.30769615},
{"learn":[45.46604094],"iteration":292,"passed_time":0.5421923903,"remaining_time":1.308293583},
{"learn":[45.45263552],"iteration":293,"passed_time":0.5451764661,"remaining_time":1.309165255},
{"learn":[45.39900451],"iteration":294,"passed_time":0.5476907476,"remaining_time":1.308888058},
{"learn":[45.38453836],"iteration":295,"passed_time":0.5503327172,"remaining_time":1.308899435},
{"learn":[45.35783904],"iteration":296,"passed_time":0.5535247043,"remaining_time":1.310194839},
{"learn":[45.34670769],"iteration":297,"passed_time":0.5563581662,"remaining_time":1.310615546},
{"learn":[45.3368994],"iteration":298,"passed_time":0.5589735386,"remaining_time":1.310503179},
{"learn":[45.2751226],"iteration":299,"passed_time":0.5614217474,"remaining_time":1.309984077},
{"learn":[45.20479457],"iteration":300,"passed_time":0.5642038867,"remaining_time":1.310227631},
{"learn":[45.17429721],"iteration":301,"passed_time":0.5665729572,"remaining_time":1.309496437},
{"learn":[45.16210851],"iteration":302,"passed_time":0.5689471293,"remaining_time":1.308766169},
{"learn":[45.10526832],"iteration":303,"passed_time":0.5721185105,"remaining_time":1.309850274},
{"learn":[45.08693145],"iteration":304,"passed_time":0.5747832175,"remaining_time":1.309751922},
{"learn":[45.07179983],"iteration":305,"passed_time":0.5772907501,"remaining_time":1.309280329},
{"learn":[45.05666316],"iteration":306,"passed_time":0.5794906948,"remaining_time":1.308101145},
{"learn":[45.03918223],"iteration":307,"passed_time":0.5819838034,"remaining_time":1.307574},
{"learn":[44.97861199],"iteration":308,"passed_time":0.5849093601,"remaining_time":1.30800119},
{"learn":[44.92604183],"iteration":309,"passed_time":0.5880442763,"remaining_time":1.308872744},
{"learn":[44.91554924],"iteration":310,"passed_time":0.5911039522,"remaining_time":1.309551843},
{"learn":[44.89283422],"iteration":311,"passed_time":0.5943810851,"remaining_time":1.310686495},
{"learn":[44.86854415],"iteration":312,"passed_time":0.5969383741,"remaining_time":1.310212981},
{"learn":[44.85555208],"iteration":313,"passed_time":0.598814497,"remaining_time":1.308238041},
{"learn":[44.77908034],"iteration":314,"passed_time":0.6006088518,"remaining_time":1.306085916},
{"learn":[44.76713677],"iteration":315,"passed_time":0.6031946839,"remaining_time":1.305649253},
{"learn":[44.75099137],"iteration":316,"passed_time":0.6059345795,"remaining_time":1.305530971},
{"learn":[44.68802432],"iteration":317,"passed_time":0.6089188697,"remaining_time":1.305920343},
{"learn":[44.67815509],"iteration":318,"passed_time":0.6214432426,"remaining_time":1.326654697},
{"learn":[44.66909826],"iteration":319,"passed_time":0.6247763549,"remaining_time":1.327649754},
{"learn":[44.66411755],"iteration":320,"passed_time":0.6369340132,"remaining_time":1.347284096},
{"learn":[44.63970617],"iteration":321,"passed_time":0.6399332224,"remaining_time":1.347437033},
{"learn":[44.62459413],"iteration":322,"passed_time":0.6440550098,"remaining_time":1.349923349},
{"learn":[44.60960238],"iteration":323,"passed_time":0.646659648,"remaining_time":1.349203463},
{"learn":[44.53512519],"iteration":324,"passed_time":0.6484242883,"remaining_time":1.346727368},
{"learn":[44.47226778],"iteration":325,"passed_time":0.6512793033,"remaining_time":1.346509971},
{"learn":[44.45321343],"iteration":326,"passed_time":0.654261394,"remaining_time":1.346537976},
{"learn":[44.4410704],"iteration":327,"passed_time":0.6573741324,"remaining_time":1.346815296},
{"learn":[44.43048699],"iteration":328,"passed_time":0.660109096,"remaining_time":1.34630153},
{"learn":[44.41820044],"iteration":329,"passed_time":0.6618556041,"remaining_time":1.343767439},
{"learn":[44.40879522],"iteration":330,"passed_time":0.6642483775,"remaining_time":1.342544304},
{"learn":[44.38528274],"iteration":331,"passed_time":0.6672610394,"remaining_time":1.342561369},
{"learn":[44.33369875],"iteration":332,"passed_time":0.6702253661,"remaining_time":1.342463421},
{"learn":[44.26208155],"iteration":333,"passed_time":0.6742255417,"remaining_time":1.344413805},
{"learn":[44.25360786],"iteration":334,"passed_time":0.6765361245,"remaining_time":1.342974695},
{"learn":[44.23202959],"iteration":335,"passed_time":0.6783386106,"remaining_time":1.340526302},
{"learn":[44.15580219],"iteration":336,"passed_time":0.6803651946,"remaining_time":1.338522623},
{"learn":[44.14502636],"iteration":337,"passed_time":0.6828845388,"remaining_time":1.337483919},
{"learn":[44.13600079],"iteration":338,"passed_time":0.6857633508,"remaining_time":1.337137389},
{"learn":[44.11767229],"iteration":339,"passed_time":0.6893039479,"remaining_time":1.338060605},
{"learn":[44.09836768],"iteration":340,"passed_time":0.6926398847,"remaining_time":1.338562123},
{"learn":[44.09321812],"iteration":341,"passed_time":0.6945211693,"remaining_time":1.336242484},
{"learn":[44.07987945],"iteration":342,"passed_time":0.6963028844,"remaining_time":1.333734679},
{"learn":[44.07043183],"iteration":343,"passed_time":0.6986983208,"remaining_time":1.332401449},
{"learn":[43.99564009],"iteration":344,"passed_time":0.7004244741,"remaining_time":1.329791393},
{"learn":[43.98476569],"iteration":345,"passed_time":0.7022030849,"remaining_time":1.3272856},
{"learn":[43.96632701],"iteration":346,"passed_time":0.7044698818,"remaining_time":1.325702688},
{"learn":[43.95296768],"iteration":347,"passed_time":0.7064268979,"remaining_time":1.323535452},
{"learn":[43.89720826],"iteration":348,"passed_time":0.7081219307,"remaining_time":1.320880736},
{"learn":[43.82279307],"iteration":349,"passed_time":0.7105290723,"remaining_time":1.319553991},
{"learn":[43.80473727],"iteration":350,"passed_time":0.7129898424,"remaining_time":1.31832025},
{"learn":[43.78705205],"iteration":351,"passed_time":0.7147824263,"remaining_time":1.315849467},
{"learn":[43.78213271],"iteration":352,"passed_time":0.7164689105,"remaining_time":1.31318806},
{"learn":[43.73277162],"iteration":353,"passed_time":0.7186052158,"remaining_time":1.311353021},
{"learn":[43.72054143],"iteration":354,"passed_time":0.7203661302,"remaining_time":1.308834237},
{"learn":[43.64819378],"iteration":355,"passed_time":0.7221278177,"remaining_time":1.306321108},
{"learn":[43.63949036],"iteration":356,"passed_time":0.7245900422,"remaining_time":1.305073942},
{"learn":[43.62539613],"iteration":357,"passed_time":0.7267421182,"remaining_time":1.303263799},
{"learn":[43.60138059],"iteration":358,"passed_time":0.7287835745,"remaining_time":1.301254237},
{"learn":[43.58952782],"iteration":359,"passed_time":0.7310206849,"remaining_time":1.299592329},
{"learn":[43.54257205],"iteration":360,"passed_time":0.7331020884,"remaining_time":1.297651619},
{"learn":[43.52970055],"iteration":361,"passed_time":0.7348364407,"remaining_time":1.295098478},
{"learn":[43.48499897],"iteration":362,"passed_time":0.7365392262,"remaining_time":1.292494455},
{"learn":[43.41439226],"iteration":363,"passed_time":0.7388954225,"remaining_time":1.291037057},
{"learn":[43.41035227],"iteration":364,"passed_time":0.741006397,"remaining_time":1.289148115},
{"learn":[43.36924164],"iteration":365,"passed_time":0.7428455853,"remaining_time":1.286787161},
{"learn":[43.34214417],"iteration":366,"passed_time":0.7453483707,"remaining_time":1.28557362},
{"learn":[43.29236813],"iteration":367,"passed_time":0.7472509199,"remaining_time":1.283322232},
{"learn":[43.27478895],"iteration":368,"passed_time":0.7490020444,"remaining_time":1.280813794},
{"learn":[43.2612826],"iteration":369,"passed_time":0.7506746713,"remaining_time":1.278175792},
{"learn":[43.24309859],"iteration":370,"passed_time":0.7528056097,"remaining_time":1.276320023},
{"learn":[43.22506056],"iteration":371,"passed_time":0.7545645794,"remaining_time":1.273834828},
{"learn":[43.1564555],"iteration":372,"passed_time":0.7566375234,"remaining_time":1.271881306},
{"learn":[43.13796178],"iteration":373,"passed_time":0.7588125586,"remaining_time":1.270098026},
{"learn":[43.11583977],"iteration":374,"passed_time":0.7611644726,"remaining_time":1.268607454},
{"learn":[43.08090312],"iteration":375,"passed_time":0.7630069766,"remaining_time":1.266266897},
{"learn":[43.03965508],"iteration":376,"passed_time":0.7653271658,"remaining_time":1.264718367},
{"learn":[43.01671829],"iteration":377,"passed_time":0.7673390353,"remaining_time":1.262658413},
{"learn":[42.99272125],"iteration":378,"passed_time":0.7690933142,"remaining_time":1.260176644},
{"learn":[42.98298233],"iteration":379,"passed_time":0.7708711846,"remaining_time":1.257737196},
{"learn":[42.96339583],"iteration":380,"passed_time":0.7731952859,"remaining_time":1.256188667},
{"learn":[42.94167955],"iteration":381,"passed_time":0.7750800133,"remaining_time":1.253925257},
{"learn":[42.9328164],"iteration":382,"passed_time":0.7771777681,"remaining_time":1.252007005},
{"learn":[42.8661956],"iteration":383,"passed_time":0.7793347247,"remaining_time":1.250182788},
{"learn":[42.84709762],"iteration":384,"passed_time":0.7814643561,"remaining_time":1.248313192},
{"learn":[42.78256019],"iteration":385,"passed_time":0.7832057978,"remaining_time":1.245824766},
{"learn":[42.76109486],"iteration":386,"passed_time":0.7849135673,"remaining_time":1.243286865},
{"learn":[42.73936747],"iteration":387,"passed_time":0.786856571,"remaining_time":1.241124282},
{"learn":[42.70235455],"iteration":388,"passed_time":0.7886144091,"remaining_time":1.23867199},
{"learn":[42.68461549],"iteration":389,"passed_time":0.7903464015,"remaining_time":1.236182833},
{"learn":[42.67379771],"iteration":390,"passed_time":0.7925759283,"remaining_time":1.234472482},
{"learn":[42.60042051],"iteration":391,"passed_time":0.7946945388,"remaining_time":1.232587448},
{"learn":[42.58592928],"iteration":392,"passed_time":0.7965143448,"remaining_time":1.230239713},
{"learn":[42.56375223],"iteration":393,"passed_time":0.7982457675,"remaining_time":1.227758719},
{"learn":[42.50991667],"iteration":394,"passed_time":0.8004300082,"remaining_time":1.225975076},
{"learn":[42.50144372],"iteration":395,"passed_time":0.8023106452,"remaining_time":1.223726338},
{"learn":[42.43860925],"iteration":396,"passed_time":0.8041103452,"remaining_time":1.221356519},
{"learn":[42.42139684],"iteration":397,"passed_time":0.8062701752,"remaining_time":1.219534285},
{"learn":[42.39328746],"iteration":398,"passed_time":0.8082994387,"remaining_time":1.217513691},
{"learn":[42.36322631],"iteration":399,"passed_time":0.810246749,"remaining_time":1.215370124},
{"learn":[42.31528091],"iteration":400,"passed_time":0.8119225949,"remaining_time":1.212822031},
{"learn":[42.28889263],"iteration":401,"passed_time":0.8142734451,"remaining_time":1.211282388},
{"learn":[42.28497111],"iteration":402,"passed_time":0.8160418501,"remaining_time":1.208875892},
{"learn":[42.27555374],"iteration":403,"passed_time":0.8178726216,"remaining_time":1.206564561},
{"learn":[42.23905769],"iteration":404,"passed_time":0.8199575376,"remaining_time":1.204628975},
{"learn":[42.21959464],"iteration":405,"passed_time":0.8219924237,"remaining_time":1.202619457},
{"learn":[42.20326042],"iteration":406,"passed_time":0.8237016053,"remaining_time":1.200135263},
{"learn":[42.18082504],"iteration":407,"passed_time":0.8258072493,"remaining_time":1.198230126},
{"learn":[42.13210213],"iteration":408,"passed_time":0.8279356477,"remaining_time":1.196356889},
{"learn":[42.12236769],"iteration":409,"passed_time":0.8296783851,"remaining_time":1.193927432},
{"learn":[42.09632264],"iteration":410,"passed_time":0.8314178902,"remaining_time":1.191496684},
{"learn":[42.07423054],"iteration":411,"passed_time":0.8339623157,"remaining_time":1.190218062},
{"learn":[42.00299703],"iteration":412,"passed_time":0.8360214436,"remaining_time":1.188243553},
{"learn":[41.98153193],"iteration":413,"passed_time":0.8377832565,"remaining_time":1.185847798},
{"learn":[41.95628127],"iteration":414,"passed_time":0.8399446328,"remaining_time":1.184018338},
{"learn":[41.9437786],"iteration":415,"passed_time":0.8422199318,"remaining_time":1.182347212},
{"learn":[41.90596206],"iteration":416,"passed_time":0.8440136022,"remaining_time":1.179999832},
{"learn":[41.89341785],"iteration":417,"passed_time":0.8457308238,"remaining_time":1.177548659},
{"learn":[41.88281982],"iteration":418,"passed_time":0.8480158143,"remaining_time":1.175888277},
{"learn":[41.85604824],"iteration":419,"passed_time":0.8498314934,"remaining_time":1.173576824},
{"learn":[41.80887803],"iteration":420,"passed_time":0.8516317073,"remaining_time":1.171246457},
{"learn":[41.76432279],"iteration":421,"passed_time":0.8538045647,"remaining_time":1.169429001},
{"learn":[41.74581472],"iteration":422,"passed_time":0.8559384216,"remaining_time":1.167556665},
{"learn":[41.68409239],"iteration":423,"passed_time":0.8580198905,"remaining_time":1.165611927},
{"learn":[41.66081675],"iteration":424,"passed_time":0.8597494989,"remaining_time":1.163190499},
{"learn":[41.64576069],"iteration":425,"passed_time":0.8616080308,"remaining_time":1.160946032},
{"learn":[41.64209958],"iteration":426,"passed_time":0.86354633,"remaining_time":1.158810415},
{"learn":[41.59763144],"iteration":427,"passed_time":0.8654818744,"remaining_time":1.156672038},
{"learn":[41.59410097],"iteration":428,"passed_time":0.8676492858,"remaining_time":1.154843222},
{"learn":[41.55793737],"iteration":429,"passed_time":0.8697031423,"remaining_time":1.152862305},
{"learn":[41.55351672],"iteration":430,"passed_time":0.8715481684,"remaining_time":1.150605355},
{"learn":[41.48381886],"iteration":431,"passed_time":0.874328965,"remaining_time":1.149580676},
{"learn":[41.46338602],"iteration":432,"passed_time":0.8768885705,"remaining_time":1.148258244},
{"learn":[41.45079894],"iteration":433,"passed_time":0.8790401842,"remaining_time":1.146398028},
{"learn":[41.38798874],"iteration":434,"passed_time":0.8813613352,"remaining_time":1.144756677},
{"learn":[41.37033896],"iteration":435,"passed_time":0.8833334494,"remaining_time":1.142660701},
{"learn":[41.3506264],"iteration":436,"passed_time":0.8850381466,"remaining_time":1.14022077},
{"learn":[41.33305505],"iteration":437,"passed_time":0.88677571,"remaining_time":1.137826368},
{"learn":[41.31953618],"iteration":438,"passed_time":0.8887998057,"remaining_time":1.135801118},
{"learn":[41.28679199],"iteration":439,"passed_time":0.8908548959,"remaining_time":1.133815322},
{"learn":[41.27611665],"iteration":440,"passed_time":0.8926990241,"remaining_time":1.131561802},
{"learn":[41.27218755],"iteration":441,"passed_time":0.8944743345,"remaining_time":1.129223255},
{"learn":[41.26562736],"iteration":442,"passed_time":0.8963119029,"remaining_time":1.12696553},
{"learn":[41.2237644],"iteration":443,"passed_time":0.8980110645,"remaining_time":1.124536378},
{"learn":[41.21047626],"iteration":444,"passed_time":0.8997388713,"remaining_time":1.122146233},
{"learn":[41.18988658],"iteration":445,"passed_time":0.9015771311,"remaining_time":1.119896257},
{"learn":[41.18591213],"iteration":446,"passed_time":0.903446343,"remaining_time":1.117686415},
{"learn":[41.16078218],"iteration":447,"passed_time":0.9055114185,"remaining_time":1.115719426},
{"learn":[41.14390041],"iteration":448,"passed_time":0.9072659882,"remaining_time":1.113370957},
{"learn":[41.13678026],"iteration":449,"passed_time":0.9097931685,"remaining_time":1.111969428},
{"learn":[41.11402668],"iteration":450,"passed_time":0.911568017,"remaining_time":1.109647098},
{"learn":[41.09054835],"iteration":451,"passed_time":0.9132935413,"remaining_time":1.107267391},
{"learn":[41.07747557],"iteration":452,"passed_time":0.9152550668,"remaining_time":1.105175544},
{"learn":[41.05379886],"iteration":453,"passed_time":0.9171407194,"remaining_time":1.102993024},
{"learn":[41.03652053],"iteration":454,"passed_time":0.9189886556,"remaining_time":1.100766631},
{"learn":[41.03338382],"iteration":455,"passed_time":0.920756418,"remaining_time":1.098446253},
{"learn":[40.99498465],"iteration":456,"passed_time":0.9227582429,"remaining_time":1.096406402},
{"learn":[40.98665015],"iteration":457,"passed_time":0.9245902484,"remaining_time":1.094165752},
{"learn":[40.94477174],"iteration":458,"passed_time":0.9263021061,"remaining_time":1.091785271},
{"learn":[40.91237796],"iteration":459,"passed_time":0.9280844655,"remaining_time":1.08949046},
{"learn":[40.90268449],"iteration":460,"passed_time":0.9301582366,"remaining_time":1.087538589},
{"learn":[40.89013196],"iteration":461,"passed_time":0.9318916624,"remaining_time":1.085189858},
{"learn":[40.87580401],"iteration":462,"passed_time":0.9336441834,"remaining_time":1.082865932},
{"learn":[40.81515372],"iteration":463,"passed_time":0.9354591268,"remaining_time":1.080616577},
{"learn":[40.75335915],"iteration":464,"passed_time":0.9383959341,"remaining_time":1.079659838},
{"learn":[40.73839676],"iteration":465,"passed_time":0.9408746921,"remaining_time":1.078169712},
{"learn":[40.73535867],"iteration":466,"passed_time":0.9434424747,"remaining_time":1.076776957},
{"learn":[40.71929334],"iteration":467,"passed_time":0.9457917296,"remaining_time":1.07513077},
{"learn":[40.67840055],"iteration":468,"passed_time":0.9487092314,"remaining_time":1.074124951},
{"learn":[40.67545716],"iteration":469,"passed_time":0.9528393086,"remaining_time":1.074478369},
{"learn":[40.66501872],"iteration":470,"passed_time":0.9574959986,"remaining_time":1.075404211},
{"learn":[40.62639311],"iteration":471,"passed_time":0.9627885841,"remaining_time":1.077017738},
{"learn":[40.61515029],"iteration":472,"passed_time":0.9658988168,"remaining_time":1.076170563},
{"learn":[40.60930653],"iteration":473,"passed_time":0.967977775,"remaining_time":1.07416943},
{"learn":[40.59472945],"iteration":474,"passed_time":0.971063459,"remaining_time":1.073280665},
{"learn":[40.58244601],"iteration":475,"passed_time":0.9733341279,"remaining_time":1.071485469},
{"learn":[40.57573257],"iteration":476,"passed_time":0.9757557612,"remaining_time":1.069853801},
{"learn":[40.55500559],"iteration":477,"passed_time":0.9781229484,"remaining_time":1.06815937},
{"learn":[40.49775302],"iteration":478,"passed_time":0.9806363114,"remaining_time":1.066621124},
{"learn":[40.48681337],"iteration":479,"passed_time":0.982887738,"remaining_time":1.06479505},
{"learn":[40.43735271],"iteration":480,"passed_time":0.9855574267,"remaining_time":1.063418512},
{"learn":[40.41772283],"iteration":481,"passed_time":0.9877982998,"remaining_time":1.061575766},
{"learn":[40.37059005],"iteration":482,"passed_time":0.9901077499,"remaining_time":1.059804776},
{"learn":[40.33345982],"iteration":483,"passed_time":0.9925351506,"remaining_time":1.058157309},
{"learn":[40.31218817],"iteration":484,"passed_time":0.9947443796,"remaining_time":1.05627496},
{"learn":[40.29740862],"iteration":485,"passed_time":0.9969976996,"remaining_time":1.054437896},
{"learn":[40.26114054],"iteration":486,"passed_time":0.9993825861,"remaining_time":1.052737714},
{"learn":[40.24701826],"iteration":487,"passed_time":1.002190667,"remaining_time":1.051478732},
{"learn":[40.22787424],"iteration":488,"passed_time":1.004544364,"remaining_time":1.049738589},
{"learn":[40.20708576],"iteration":489,"passed_time":1.006762339,"remaining_time":1.047854679},
{"learn":[40.1992272],"iteration":490,"passed_time":1.008978745,"remaining_time":1.045967782},
{"learn":[40.18079356],"iteration":491,"passed_time":1.011386906,"remaining_time":1.044277537},
{"learn":[40.17350879],"iteration":492,"passed_time":1.013675055,"remaining_time":1.042460959},
{"learn":[40.14197168],"iteration":493,"passed_time":1.016607122,"remaining_time":1.041302032},
{"learn":[40.13447502],"iteration":494,"passed_time":1.019207313,"remaining_time":1.03979736},
{"learn":[40.12262065],"iteration":495,"passed_time":1.021520113,"remaining_time":1.037996244},
{"learn":[40.1049581],"iteration":496,"passed_time":1.024154235,"remaining_time":1.03651827},
{"learn":[40.08670612],"iteration":497,"passed_time":1.026829343,"remaining_time":1.035076968},
{"learn":[40.03457045],"iteration":498,"passed_time":1.029389843,"remaining_time":1.033515654},
{"learn":[40.02083425],"iteration":499,"passed_time":1.032126474,"remaining_time":1.032126474},
{"learn":[40.00217429],"iteration":500,"passed_time":1.034970132,"remaining_time":1.030838515},
{"learn":[39.9321452],"iteration":501,"passed_time":1.037554841,"remaining_time":1.029287472},
{"learn":[39.91423989],"iteration":502,"passed_time":1.040033746,"remaining_time":1.027627777},
{"learn":[39.8458715],"iteration":503,"passed_time":1.042404901,"remaining_time":1.025858791},
{"learn":[39.83779057],"iteration":504,"passed_time":1.045172898,"remaining_time":1.024476405},
{"learn":[39.8317791],"iteration":505,"passed_time":1.048079254,"remaining_time":1.02322362},
{"learn":[39.81101449],"iteration":506,"passed_time":1.050822953,"remaining_time":1.021806145},
{"learn":[39.74466308],"iteration":507,"passed_time":1.054344385,"remaining_time":1.021136688},
{"learn":[39.68859797],"iteration":508,"passed_time":1.056996449,"remaining_time":1.0196174},
{"learn":[39.6851111],"iteration":509,"passed_time":1.059424093,"remaining_time":1.01787805},
{"learn":[39.67376771],"iteration":510,"passed_time":1.062139227,"remaining_time":1.016411119},
{"learn":[39.66750701],"iteration":511,"passed_time":1.064514399,"remaining_time":1.014615287},
{"learn":[39.6503695],"iteration":512,"passed_time":1.066870608,"remaining_time":1.012799193},
{"learn":[39.63334518],"iteration":513,"passed_time":1.069252496,"remaining_time":1.011005278},
{"learn":[39.62433119],"iteration":514,"passed_time":1.07191394,"remaining_time":1.009472351},
{"learn":[39.61064806],"iteration":515,"passed_time":1.074361476,"remaining_time":1.007734408},
{"learn":[39.59779831],"iteration":516,"passed_time":1.076676505,"remaining_time":1.005869926},
{"learn":[39.53288091],"iteration":517,"passed_time":1.07905685,"remaining_time":1.004064482},
{"learn":[39.51776572],"iteration":518,"passed_time":1.081694553,"remaining_time":1.002495337},
{"learn":[39.50421315],"iteration":519,"passed_time":1.084666201,"remaining_time":1.001230339},
{"learn":[39.48781188],"iteration":520,"passed_time":1.087415021,"remaining_time":0.9997539252},
{"learn":[39.47415298],"iteration":521,"passed_time":1.089813971,"remaining_time":0.9979522571},
{"learn":[39.4655375],"iteration":522,"passed_time":1.108014731,"remaining_time":1.010560281},
{"learn":[39.44947411],"iteration":523,"passed_time":1.110633628,"remaining_time":1.008896197},
{"learn":[39.43376026],"iteration":524,"passed_time":1.114128969,"remaining_time":1.008021448},
{"learn":[39.3904402],"iteration":525,"passed_time":1.117359319,"remaining_time":1.006897942},
{"learn":[39.3754352],"iteration":526,"passed_time":1.120222163,"remaining_time":1.00543659},
{"learn":[39.3561492],"iteration":527,"passed_time":1.123385305,"remaining_time":1.004238379},
{"learn":[39.33733326],"iteration":528,"passed_time":1.1262436,"remaining_time":1.002761315},
{"learn":[39.32440024],"iteration":529,"passed_time":1.129657728,"remaining_time":1.001771947},
{"learn":[39.26977945],"iteration":530,"passed_time":1.132358056,"remaining_time":1.000142991},
{"learn":[39.2060898],"iteration":531,"passed_time":1.135562367,"remaining_time":0.9989533601},
{"learn":[39.15060508],"iteration":532,"passed_time":1.138975126,"remaining_time":0.9979388069},
{"learn":[39.0987619],"iteration":533,"passed_time":1.141677091,"remaining_time":0.9962949892},
{"learn":[39.06341242],"iteration":534,"passed_time":1.144410775,"remaining_time":0.9946747856},
{"learn":[39.0550824],"iteration":535,"passed_time":1.146949224,"remaining_time":0.9928814182},
{"learn":[39.03814769],"iteration":536,"passed_time":1.149932628,"remaining_time":0.9914689138},
{"learn":[39.02282874],"iteration":537,"passed_time":1.154435212,"remaining_time":0.991355145},
{"learn":[39.0083532],"iteration":538,"passed_time":1.156967188,"remaining_time":0.9895396541},
{"learn":[38.99224758],"iteration":539,"passed_time":1.159602294,"remaining_time":0.9878093615},
{"learn":[38.93708352],"iteration":540,"passed_time":1.162873111,"remaining_time":0.986615079},
{"learn":[38.88531121],"iteration":541,"passed_time":1.165774868,"remaining_time":0.9851012725},
{"learn":[38.86859484],"iteration":542,"passed_time":1.168153814,"remaining_time":0.9831423444},
{"learn":[38.83337378],"iteration":543,"passed_time":1.170292824,"remaining_time":0.9809807493},
{"learn":[38.82530927],"iteration":544,"passed_time":1.17296938,"remaining_time":0.9792680145},
{"learn":[38.79078106],"iteration":545,"passed_time":1.175606004,"remaining_time":0.9775185458},
{"learn":[38.75203896],"iteration":546,"passed_time":1.177965656,"remaining_time":0.9755364573},
{"learn":[38.68608458],"iteration":547,"passed_time":1.18053767,"remaining_time":0.9737281515},
{"learn":[38.67680081],"iteration":548,"passed_time":1.183089122,"remaining_time":0.9719001712},
{"learn":[38.66255893],"iteration":549,"passed_time":1.185513094,"remaining_time":0.9699652589},
{"learn":[38.64876191],"iteration":550,"passed_time":1.188079598,"remaining_time":0.9681447178},
{"learn":[38.6150174],"iteration":551,"passed_time":1.190443659,"remaining_time":0.9661571721},
{"learn":[38.58222832],"iteration":552,"passed_time":1.192835525,"remaining_time":0.9641907409},
{"learn":[38.55036553],"iteration":553,"passed_time":1.195228878,"remaining_time":0.9622239707},
{"learn":[38.5199951],"iteration":554,"passed_time":1.197712027,"remaining_time":0.960327661},
{"learn":[38.51220997],"iteration":555,"passed_time":1.19995153,"remaining_time":0.9582346748},
{"learn":[38.50010572],"iteration":556,"passed_time":1.202239372,"remaining_time":0.9561796086},
{"learn":[38.46992082],"iteration":557,"passed_time":1.204571791,"remaining_time":0.9541590173},
{"learn":[38.44058726],"iteration":558,"passed_time":1.206987076,"remaining_time":0.9522026846},
{"learn":[38.39324305],"iteration":559,"passed_time":1.208975728,"remaining_time":0.9499095005},
{"learn":[38.38228148],"iteration":560,"passed_time":1.210828043,"remaining_time":0.9475107144},
{"learn":[38.36818652],"iteration":561,"passed_time":1.212767846,"remaining_time":0.9451820583},
{"learn":[38.3635522],"iteration":562,"passed_time":1.214581515,"remaining_time":0.9427568775},
{"learn":[38.33661245],"iteration":563,"passed_time":1.216525823,"remaining_time":0.9404348563},
{"learn":[38.32775844],"iteration":564,"passed_time":1.218407206,"remaining_time":0.9380657247},
{"learn":[38.30883457],"iteration":565,"passed_time":1.220239004,"remaining_time":0.9356602961},
{"learn":[38.29565728],"iteration":566,"passed_time":1.222380091,"remaining_time":0.9334930857},
{"learn":[38.28834384],"iteration":567,"passed_time":1.22426959,"remaining_time":0.9311346178},
{"learn":[38.24236613],"iteration":568,"passed_time":1.226168525,"remaining_time":0.9287849463},
{"learn":[38.22933736],"iteration":569,"passed_time":1.228029235,"remaining_time":0.9264080192},
{"learn":[38.22263546],"iteration":570,"passed_time":1.229828451,"remaining_time":0.9239867},
{"learn":[38.20600545],"iteration":571,"passed_time":1.231598345,"remaining_time":0.921545615},
{"learn":[38.16124164],"iteration":572,"passed_time":1.233451263,"remaining_time":0.9191687419},
{"learn":[38.14986121],"iteration":573,"passed_time":1.235682876,"remaining_time":0.917074748},
{"learn":[38.13896629],"iteration":574,"passed_time":1.237792958,"remaining_time":0.914890447},
{"learn":[38.09544248],"iteration":575,"passed_time":1.239612452,"remaining_time":0.9124924993},
{"learn":[38.08415774],"iteration":576,"passed_time":1.241466126,"remaining_time":0.9101216144},
{"learn":[38.05534285],"iteration":577,"passed_time":1.243409525,"remaining_time":0.9078180267},
{"learn":[38.04235008],"iteration":578,"passed_time":1.245191632,"remaining_time":0.9053984058},
{"learn":[38.01433718],"iteration":579,"passed_time":1.246940785,"remaining_time":0.9029571203},
{"learn":[38.00106329],"iteration":580,"passed_time":1.248710501,"remaining_time":0.9005330463},
{"learn":[37.98204623],"iteration":581,"passed_time":1.250472046,"remaining_time":0.8981053524},
{"learn":[37.96935091],"iteration":582,"passed_time":1.252280353,"remaining_time":0.8957133911},
{"learn":[37.9563576],"iteration":583,"passed_time":1.254118656,"remaining_time":0.8933447958},
{"learn":[37.92229297],"iteration":584,"passed_time":1.255930364,"remaining_time":0.8909591474},
{"learn":[37.89501865],"iteration":585,"passed_time":1.25783809,"remaining_time":0.8886432925},
{"learn":[37.85234255],"iteration":586,"passed_time":1.259678564,"remaining_time":0.8862815112},
{"learn":[37.84054608],"iteration":587,"passed_time":1.261530864,"remaining_time":0.8839297887},
{"learn":[37.77830771],"iteration":588,"passed_time":1.263353459,"remaining_time":0.8815590353},
{"learn":[37.7632072],"iteration":589,"passed_time":1.265045384,"remaining_time":0.8790993345},
{"learn":[37.73725844],"iteration":590,"passed_time":1.266802956,"remaining_time":0.8766876631},
{"learn":[37.73070789],"iteration":591,"passed_time":1.268569325,"remaining_time":0.8742842646},
{"learn":[37.72360559],"iteration":592,"passed_time":1.270351315,"remaining_time":0.8718937353},
{"learn":[37.7126247],"iteration":593,"passed_time":1.272282757,"remaining_time":0.8696074064},
{"learn":[37.69923953],"iteration":594,"passed_time":1.274072627,"remaining_time":0.8672259057},
{"learn":[37.65773819],"iteration":595,"passed_time":1.275971857,"remaining_time":0.8649205204},
{"learn":[37.63103535],"iteration":596,"passed_time":1.277794215,"remaining_time":0.8625646042},
{"learn":[37.60508372],"iteration":597,"passed_time":1.2795833,"remaining_time":0.8601881045},
{"learn":[37.59208935],"iteration":598,"passed_time":1.281511602,"remaining_time":0.8579067655},
{"learn":[37.58005933],"iteration":599,"passed_time":1.283288785,"remaining_time":0.8555258569},
{"learn":[37.53959601],"iteration":600,"passed_time":1.285092185,"remaining_time":0.8531643624},
{"learn":[37.52651954],"iteration":601,"passed_time":1.286874262,"remaining_time":0.8507906252},
{"learn":[37.51873816],"iteration":602,"passed_time":1.288687767,"remaining_time":0.8484395416},
{"learn":[37.49345206],"iteration":603,"passed_time":1.290416344,"remaining_time":0.8460345566},
{"learn":[37.48492176],"iteration":604,"passed_time":1.292292935,"remaining_time":0.8437284454},
{"learn":[37.44541691],"iteration":605,"passed_time":1.294074197,"remaining_time":0.8413617713},
{"learn":[37.40709629],"iteration":606,"passed_time":1.295836442,"remaining_time":0.8389847143},
{"learn":[37.39271766],"iteration":607,"passed_time":1.297784166,"remaining_time":0.8367292652},
{"learn":[37.38184671],"iteration":608,"passed_time":1.299552094,"remaining_time":0.8343593904},
{"learn":[37.37498061],"iteration":609,"passed_time":1.301316087,"remaining_time":0.8319889738},
{"learn":[37.36377713],"iteration":610,"passed_time":1.303547635,"remaining_time":0.8299182163},
{"learn":[37.32641002],"iteration":611,"passed_time":1.305258214,"remaining_time":0.8275166458},
{"learn":[37.31009982],"iteration":612,"passed_time":1.306959232,"remaining_time":0.8251112935},
{"learn":[37.29789055],"iteration":613,"passed_time":1.309311616,"remaining_time":0.8231177258},
{"learn":[37.28919554],"iteration":614,"passed_time":1.311295543,"remaining_time":0.8208923321},
{"learn":[37.27874307],"iteration":615,"passed_time":1.313043819,"remaining_time":0.8185208223},
{"learn":[37.26476899],"iteration":616,"passed_time":1.314801445,"remaining_time":0.8161571369},
{"learn":[37.24900339],"iteration":617,"passed_time":1.317116886,"remaining_time":0.8141402109},
{"learn":[37.21257663],"iteration":618,"passed_time":1.319061903,"remaining_time":0.8118943213},
{"learn":[37.20638444],"iteration":619,"passed_time":1.321079384,"remaining_time":0.8096938162},
{"learn":[37.17098568],"iteration":620,"passed_time":1.323230079,"remaining_time":0.8075752012},
{"learn":[37.1638839],"iteration":621,"passed_time":1.325042747,"remaining_time":0.8052510584},
{"learn":[37.15264362],"iteration":622,"passed_time":1.326789483,"remaining_time":0.8028886599},
{"learn":[37.14105393],"iteration":623,"passed_time":1.328531711,"remaining_time":0.8005255183},
{"learn":[37.11622494],"iteration":624,"passed_time":1.330715368,"remaining_time":0.798429221},
{"learn":[37.10906],"iteration":625,"passed_time":1.332735717,"remaining_time":0.7962350769},
{"learn":[37.09807072],"iteration":626,"passed_time":1.335075178,"remaining_time":0.7942313258},
{"learn":[37.07392612],"iteration":627,"passed_time":1.337689588,"remaining_time":0.7923893736},
{"learn":[37.06516],"iteration":628,"passed_time":1.339602848,"remaining_time":0.7901314093},
{"learn":[37.05447131],"iteration":629,"passed_time":1.341373537,"remaining_time":0.7877908076},
{"learn":[37.02446452],"iteration":630,"passed_time":1.343565218,"remaining_time":0.7856982019},
{"learn":[37.00096141],"iteration":631,"passed_time":1.345695737,"remaining_time":0.7835696697},
{"learn":[36.99063592],"iteration":632,"passed_time":1.347395516,"remaining_time":0.7811913969},
{"learn":[36.98064256],"iteration":633,"passed_time":1.349460069,"remaining_time":0.779025844},
{"learn":[36.97425763],"iteration":634,"passed_time":1.351494806,"remaining_time":0.7768434711},
{"learn":[36.91262768],"iteration":635,"passed_time":1.353268672,"remaining_time":0.7745122591},
{"learn":[36.9067159],"iteration":636,"passed_time":1.355065395,"remaining_time":0.7721958218},
{"learn":[36.88380544],"iteration":637,"passed_time":1.357525246,"remaining_time":0.770257271},
{"learn":[36.87418144],"iteration":638,"passed_time":1.359490956,"remaining_time":0.7680379268},
{"learn":[36.85190626],"iteration":639,"passed_time":1.361256034,"remaining_time":0.7657065189},
{"learn":[36.83636281],"iteration":640,"passed_time":1.363078228,"remaining_time":0.763408867},
{"learn":[36.82686428],"iteration":641,"passed_time":1.365000511,"remaining_time":0.7611685095},
{"learn":[36.82144587],"iteration":642,"passed_time":1.366926106,"remaining_time":0.7589309793},
{"learn":[36.81048327],"iteration":643,"passed_time":1.368659473,"remaining_time":0.7565881557},
{"learn":[36.79758599],"iteration":644,"passed_time":1.370792966,"remaining_time":0.7544674461},
{"learn":[36.78610356],"iteration":645,"passed_time":1.372731444,"remaining_time":0.7522398314},
{"learn":[36.77698387],"iteration":646,"passed_time":1.374485546,"remaining_time":0.7499125158},
{"learn":[36.75870144],"iteration":647,"passed_time":1.376203005,"remaining_time":0.7475670642},
{"learn":[36.72466231],"iteration":648,"passed_time":1.37838805,"remaining_time":0.7454764339},
{"learn":[36.69101723],"iteration":649,"passed_time":1.380312157,"remaining_time":0.7432450076},
{"learn":[36.65867753],"iteration":650,"passed_time":1.382028898,"remaining_time":0.740903357},
{"learn":[36.64927689],"iteration":651,"passed_time":1.384236312,"remaining_time":0.7388255162},
{"learn":[36.6403884],"iteration":652,"passed_time":1.386228812,"remaining_time":0.7366330747},
{"learn":[36.62746108],"iteration":653,"passed_time":1.387960912,"remaining_time":0.7343034797},
{"learn":[36.62277704],"iteration":654,"passed_time":1.39012139,"remaining_time":0.7322013426},
{"learn":[36.61322023],"iteration":655,"passed_time":1.392406144,"remaining_time":0.7301641974},
{"learn":[36.60701207],"iteration":656,"passed_time":1.398739955,"remaining_time":0.7302401899},
{"learn":[36.59969741],"iteration":657,"passed_time":1.402554421,"remaining_time":0.7289872522},
{"learn":[36.59740415],"iteration":658,"passed_time":1.405380133,"remaining_time":0.7272149095},
{"learn":[36.59314812],"iteration":659,"passed_time":1.409754281,"remaining_time":0.7262370541},
{"learn":[36.55935214],"iteration":660,"passed_time":1.414332597,"remaining_time":0.7253536314},
{"learn":[36.52865305],"iteration":661,"passed_time":1.41719028,"remaining_time":0.7235805356},
{"learn":[36.51674236],"iteration":662,"passed_time":1.418932498,"remaining_time":0.7212371824},
{"learn":[36.50740625],"iteration":663,"passed_time":1.421165723,"remaining_time":0.7191441007},
{"learn":[36.49720599],"iteration":664,"passed_time":1.423024244,"remaining_time":0.716861837},
{"learn":[36.48735362],"iteration":665,"passed_time":1.425146189,"remaining_time":0.7147129536},
{"learn":[36.45745309],"iteration":666,"passed_time":1.427333385,"remaining_time":0.7125967274},
{"learn":[36.44955848],"iteration":667,"passed_time":1.429113573,"remaining_time":0.7102780032},
{"learn":[36.43577682],"iteration":668,"passed_time":1.430876737,"remaining_time":0.7079524663},
{"learn":[36.42364326],"iteration":669,"passed_time":1.432979101,"remaining_time":0.7057956766},
{"learn":[36.41330821],"iteration":670,"passed_time":1.434669429,"remaining_time":0.7034370224},
{"learn":[36.40131557],"iteration":671,"passed_time":1.436370104,"remaining_time":0.7010854078},
{"learn":[36.39026735],"iteration":672,"passed_time":1.438088249,"remaining_time":0.6987442163},
{"learn":[36.37723984],"iteration":673,"passed_time":1.440257403,"remaining_time":0.6966230171},
{"learn":[36.37269558],"iteration":674,"passed_time":1.442054419,"remaining_time":0.6943224982},
{"learn":[36.36035365],"iteration":675,"passed_time":1.443796675,"remaining_time":0.691997223},
{"learn":[36.35075408],"iteration":676,"passed_time":1.445490028,"remaining_time":0.6896503382},
{"learn":[36.32758819],"iteration":677,"passed_time":1.447337732,"remaining_time":0.687378687},
{"learn":[36.32370312],"iteration":678,"passed_time":1.449023467,"remaining_time":0.6850317128},
{"learn":[36.31838131],"iteration":679,"passed_time":1.4509636,"remaining_time":0.6828063998},
{"learn":[36.31408555],"iteration":680,"passed_time":1.452797984,"remaining_time":0.6805323891},
{"learn":[36.29254513],"iteration":681,"passed_time":1.454770513,"remaining_time":0.6783240807},
{"learn":[36.28377872],"iteration":682,"passed_time":1.456497594,"remaining_time":0.6760025435},
{"learn":[36.27172015],"iteration":683,"passed_time":1.45848219,"remaining_time":0.6738017134},
{"learn":[36.26013213],"iteration":684,"passed_time":1.460226525,"remaining_time":0.6714910296},
{"learn":[36.24894634],"iteration":685,"passed_time":1.461949775,"remaining_time":0.6691723461},
{"learn":[36.24068742],"iteration":686,"passed_time":1.463736859,"remaining_time":0.6668844788},
{"learn":[36.21971982],"iteration":687,"passed_time":1.465588666,"remaining_time":0.6646274185},
{"learn":[36.20950526],"iteration":688,"passed_time":1.467406769,"remaining_time":0.6623563208},
{"learn":[36.20360882],"iteration":689,"passed_time":1.469285557,"remaining_time":0.6601138009},
{"learn":[36.19249238],"iteration":690,"passed_time":1.471100196,"remaining_time":0.6578436479},
{"learn":[36.1837692],"iteration":691,"passed_time":1.472900028,"remaining_time":0.6555682206},
{"learn":[36.17546027],"iteration":692,"passed_time":1.474717533,"remaining_time":0.6533019952},
{"learn":[36.16512031],"iteration":693,"passed_time":1.476540973,"remaining_time":0.6510396796},
{"learn":[36.15706599],"iteration":694,"passed_time":1.478327137,"remaining_time":0.6487622686},
{"learn":[36.12838169],"iteration":695,"passed_time":1.480074957,"remaining_time":0.6464695213},
{"learn":[36.12032027],"iteration":696,"passed_time":1.481814472,"remaining_time":0.6441747273},
{"learn":[36.11248216],"iteration":697,"passed_time":1.483533339,"remaining_time":0.6418725906},
{"learn":[36.08415726],"iteration":698,"passed_time":1.485414854,"remaining_time":0.6396421617},
{"learn":[36.0723027],"iteration":699,"passed_time":1.487223487,"remaining_time":0.6373814944},
{"learn":[36.04513492],"iteration":700,"passed_time":1.489128606,"remaining_time":0.6351632711},
{"learn":[36.02464695],"iteration":701,"passed_time":1.490958286,"remaining_time":0.6329139165},
{"learn":[36.01304182],"iteration":702,"passed_time":1.492819653,"remaining_time":0.6306791424},
{"learn":[36.00607349],"iteration":703,"passed_time":1.494553474,"remaining_time":0.6283918014},
{"learn":[35.99844888],"iteration":704,"passed_time":1.496292861,"remaining_time":0.6261083603},
{"learn":[35.98909761],"iteration":705,"passed_time":1.498062382,"remaining_time":0.623839009},
{"learn":[35.97657181],"iteration":706,"passed_time":1.500040931,"remaining_time":0.6216576983},
{"learn":[35.97431367],"iteration":707,"passed_time":1.502295046,"remaining_time":0.6195906124},
{"learn":[35.96545766],"iteration":708,"passed_time":1.50453407,"remaining_time":0.6175168046},
{"learn":[35.95445054],"iteration":709,"passed_time":1.50655557,"remaining_time":0.6153536836},
{"learn":[35.93807374],"iteration":710,"passed_time":1.508482133,"remaining_time":0.613152372},
{"learn":[35.93063064],"iteration":711,"passed_time":1.510213709,"remaining_time":0.6108729608},
{"learn":[35.92338951],"iteration":712,"passed_time":1.512094339,"remaining_time":0.6086550844},
{"learn":[35.91321183],"iteration":713,"passed_time":1.513853401,"remaining_time":0.6063894574},
{"learn":[35.90193841],"iteration":714,"passed_time":1.516090014,"remaining_time":0.6043155998},
{"learn":[35.8920275],"iteration":715,"passed_time":1.517920855,"remaining_time":0.6020803392},
{"learn":[35.8849885],"iteration":716,"passed_time":1.519685311,"remaining_time":0.5998200041},
{"learn":[35.87807917],"iteration":717,"passed_time":1.521477999,"remaining_time":0.5975721387},
{"learn":[35.86205171],"iteration":718,"passed_time":1.523272858,"remaining_time":0.5953263881},
{"learn":[35.85043283],"iteration":719,"passed_time":1.524984272,"remaining_time":0.5930494393},
{"learn":[35.8376141],"iteration":720,"passed_time":1.526863267,"remaining_time":0.5908389062},
{"learn":[35.82779842],"iteration":721,"passed_time":1.52868968,"remaining_time":0.5886090458},
{"learn":[35.82235084],"iteration":722,"passed_time":1.53072649,"remaining_time":0.5864609097},
{"learn":[35.80286268],"iteration":723,"passed_time":1.532513039,"remaining_time":0.5842176777},
{"learn":[35.78972243],"iteration":724,"passed_time":1.534403904,"remaining_time":0.5820152739},
{"learn":[35.77579615],"iteration":725,"passed_time":1.53664408,"remaining_time":0.5799455618},
{"learn":[35.76208824],"iteration":726,"passed_time":1.539072814,"remaining_time":0.5779461874},
{"learn":[35.7473811],"iteration":727,"passed_time":1.541210363,"remaining_time":0.5758368388},
{"learn":[35.7392067],"iteration":728,"passed_time":1.543397626,"remaining_time":0.5737458937},
{"learn":[35.71948136],"iteration":729,"passed_time":1.54557597,"remaining_time":0.5716513862},
{"learn":[35.71100811],"iteration":730,"passed_time":1.547815726,"remaining_time":0.5695792479},
{"learn":[35.7026279],"iteration":731,"passed_time":1.54965255,"remaining_time":0.5673591303},
{"learn":[35.68792184],"iteration":732,"passed_time":1.551457785,"remaining_time":0.5651285518},
{"learn":[35.68037256],"iteration":733,"passed_time":1.553219047,"remaining_time":0.5628831969},
{"learn":[35.66134857],"iteration":734,"passed_time":1.555119004,"remaining_time":0.5606891648},
{"learn":[35.65336336],"iteration":735,"passed_time":1.556845838,"remaining_time":0.5584338332},
{"learn":[35.63414026],"iteration":736,"passed_time":1.558648361,"remaining_time":0.5562069457},
{"learn":[35.62725525],"iteration":737,"passed_time":1.560548913,"remaining_time":0.5540160096},
{"learn":[35.62067373],"iteration":738,"passed_time":1.562308721,"remaining_time":0.5517761519},
{"learn":[35.60891009],"iteration":739,"passed_time":1.564089369,"remaining_time":0.5495449136},
{"learn":[35.54724671],"iteration":740,"passed_time":1.565910963,"remaining_time":0.547329203},
{"learn":[35.53751032],"iteration":741,"passed_time":1.567627908,"remaining_time":0.5450781675},
{"learn":[35.51030917],"iteration":742,"passed_time":1.56941452,"remaining_time":0.5428526671},
{"learn":[35.46985863],"iteration":743,"passed_time":1.571152866,"remaining_time":0.540611739},
{"learn":[35.46536981],"iteration":744,"passed_time":1.572891711,"remaining_time":0.5383723307},
{"learn":[35.45861296],"iteration":745,"passed_time":1.57464117,"remaining_time":0.5361378783},
{"learn":[35.45207024],"iteration":746,"passed_time":1.576478308,"remaining_time":0.5339344203},
{"learn":[35.43760044],"iteration":747,"passed_time":1.57820528,"remaining_time":0.5316948269},
{"learn":[35.42719727],"iteration":748,"passed_time":1.580019092,"remaining_time":0.5294857038},
{"learn":[35.40070354],"iteration":749,"passed_time":1.581819327,"remaining_time":0.5272731092},
{"learn":[35.3945805],"iteration":750,"passed_time":1.5835223,"remaining_time":0.5250293646},
{"learn":[35.38660384],"iteration":751,"passed_time":1.585238679,"remaining_time":0.5227914793},
{"learn":[35.37911268],"iteration":752,"passed_time":1.586976341,"remaining_time":0.5205619603},
{"learn":[35.37274991],"iteration":753,"passed_time":1.588785848,"remaining_time":0.5183571863},
{"learn":[35.3680799],"iteration":754,"passed_time":1.590511671,"remaining_time":0.5161263039},
{"learn":[35.34947808],"iteration":755,"passed_time":1.593238462,"remaining_time":0.5142198209},
{"learn":[35.34280363],"iteration":756,"passed_time":1.59513296,"remaining_time":0.5120440016},
{"learn":[35.33404212],"iteration":757,"passed_time":1.596861225,"remaining_time":0.5098158528},
{"learn":[35.33025223],"iteration":758,"passed_time":1.598567269,"remaining_time":0.5075819655},
{"learn":[35.32417536],"iteration":759,"passed_time":1.600260397,"remaining_time":0.5053453886},
{"learn":[35.29793227],"iteration":760,"passed_time":1.602212922,"remaining_time":0.5031917062},
{"learn":[35.29062611],"iteration":761,"passed_time":1.604000374,"remaining_time":0.5009869933},
{"learn":[35.26567174],"iteration":762,"passed_time":1.605794845,"remaining_time":0.4987855548},
{"learn":[35.25434534],"iteration":763,"passed_time":1.60785241,"remaining_time":0.4966664511},
{"learn":[35.24530037],"iteration":764,"passed_time":1.60953843,"remaining_time":0.494433374},
{"learn":[35.22817045],"iteration":765,"passed_time":1.611350114,"remaining_time":0.492240113},
{"learn":[35.21790679],"iteration":766,"passed_time":1.613087401,"remaining_time":0.4900252469},
{"learn":[35.20687542],"iteration":767,"passed_time":1.614910414,"remaining_time":0.4878375209},
{"learn":[35.19993089],"iteration":768,"passed_time":1.616703332,"remaining_time":0.4856417032},
{"learn":[35.1963405],"iteration":769,"passed_time":1.618469086,"remaining_time":0.483438818},
{"learn":[35.1862359],"iteration":770,"passed_time":1.620314161,"remaining_time":0.4812606262},
{"learn":[35.18064434],"iteration":771,"passed_time":1.622278965,"remaining_time":0.4791186581},
{"learn":[35.15647181],"iteration":772,"passed_time":1.624014908,"remaining_time":0.4769099405},
{"learn":[35.1184815],"iteration":773,"passed_time":1.625759287,"remaining_time":0.474704908},
{"learn":[35.11159241],"iteration":774,"passed_time":1.627603304,"remaining_time":0.4725299915},
{"learn":[35.0790824],"iteration":775,"passed_time":1.629361957,"remaining_time":0.4703312864},
{"learn":[35.07347595],"iteration":776,"passed_time":1.631035577,"remaining_time":0.4681093097},
{"learn":[35.06923257],"iteration":777,"passed_time":1.632757662,"remaining_time":0.4659025719},
{"learn":[35.06411544],"iteration":778,"passed_time":1.634470291,"remaining_time":0.4636943957},
{"learn":[35.03854974],"iteration":779,"passed_time":1.636515716,"remaining_time":0.4615813557},
{"learn":[35.03305794],"iteration":780,"passed_time":1.63828853,"remaining_time":0.4593920463},
{"learn":[35.02770688],"iteration":781,"passed_time":1.640032494,"remaining_time":0.4571957591},
{"learn":[35.01441044],"iteration":782,"passed_time":1.641739412,"remaining_time":0.4549903607},
{"learn":[34.98326205],"iteration":783,"passed_time":1.643568997,"remaining_time":0.4528200299},
{"learn":[34.97517747],"iteration":784,"passed_time":1.645389386,"remaining_time":0.4506480484},
{"learn":[34.96563749],"iteration":785,"passed_time":1.647170641,"remaining_time":0.4484663069},
{"learn":[34.95727427],"iteration":786,"passed_time":1.648945081,"remaining_time":0.4462837385},
{"learn":[34.94543495],"iteration":787,"passed_time":1.650746274,"remaining_time":0.4441094036},
{"learn":[34.93732139],"iteration":788,"passed_time":1.653245217,"remaining_time":0.4421226118},
{"learn":[34.92989352],"iteration":789,"passed_time":1.655117387,"remaining_time":0.4399679131},
{"learn":[34.90280614],"iteration":790,"passed_time":1.656922204,"remaining_time":0.4377961322},
{"learn":[34.89639333],"iteration":791,"passed_time":1.658680631,"remaining_time":0.435613095},
{"learn":[34.86284259],"iteration":792,"passed_time":1.660433626,"remaining_time":0.4334297106},
{"learn":[34.85770942],"iteration":793,"passed_time":1.662149969,"remaining_time":0.4312379013},
{"learn":[34.85192626],"iteration":794,"passed_time":1.663997647,"remaining_time":0.4290811542},
{"learn":[34.84431609],"iteration":795,"passed_time":1.665930885,"remaining_time":0.4269471112},
{"learn":[34.83668396],"iteration":796,"passed_time":1.667662418,"remaining_time":0.4247621967},
{"learn":[34.83177474],"iteration":797,"passed_time":1.669371363,"remaining_time":0.4225727009},
{"learn":[34.82544881],"iteration":798,"passed_time":1.671056208,"remaining_time":0.4203783453},
{"learn":[34.82127393],"iteration":799,"passed_time":1.672858402,"remaining_time":0.4182146006},
{"learn":[34.81880129],"iteration":800,"passed_time":1.674655885,"remaining_time":0.4160505881},
{"learn":[34.80925791],"iteration":801,"passed_time":1.67648971,"remaining_time":0.4138964621},
{"learn":[34.80357926],"iteration":802,"passed_time":1.678205054,"remaining_time":0.4117140668},
{"learn":[34.7965541],"iteration":803,"passed_time":1.679897553,"remaining_time":0.4095272641},
{"learn":[34.79203014],"iteration":804,"passed_time":1.68191455,"remaining_time":0.4074202946},
{"learn":[34.78368271],"iteration":805,"passed_time":1.683834254,"remaining_time":0.4052901307},
{"learn":[34.76774633],"iteration":806,"passed_time":1.685580351,"remaining_time":0.4031189686},
{"learn":[34.74319521],"iteration":807,"passed_time":1.687345861,"remaining_time":0.4009534719},
{"learn":[34.72466684],"iteration":808,"passed_time":1.689223199,"remaining_time":0.3988153659},
{"learn":[34.71062531],"iteration":809,"passed_time":1.691048226,"remaining_time":0.3966656333},
{"learn":[34.70391938],"iteration":810,"passed_time":1.69276369,"remaining_time":0.3944911682},
{"learn":[34.69798405],"iteration":811,"passed_time":1.694533287,"remaining_time":0.3923303669},
{"learn":[34.69216249],"iteration":812,"passed_time":1.696261921,"remaining_time":0.3901611061},
{"learn":[34.68888175],"iteration":813,"passed_time":1.697990035,"remaining_time":0.3879928091},
{"learn":[34.68464474],"iteration":814,"passed_time":1.699809963,"remaining_time":0.3858464333},
{"learn":[34.66074568],"iteration":815,"passed_time":1.701609059,"remaining_time":0.3836961604},
{"learn":[34.65869314],"iteration":816,"passed_time":1.703416448,"remaining_time":0.3815486046},
{"learn":[34.65080699],"iteration":817,"passed_time":1.705107913,"remaining_time":0.3793760882},
{"learn":[34.64469908],"iteration":818,"passed_time":1.706945115,"remaining_time":0.3772369546},
{"learn":[34.63463825],"iteration":819,"passed_time":1.708756132,"remaining_time":0.3750928095},
{"learn":[34.62794274],"iteration":820,"passed_time":1.710548873,"remaining_time":0.3729454911},
{"learn":[34.60292138],"iteration":821,"passed_time":1.712444214,"remaining_time":0.3708212532},
{"learn":[34.59082768],"iteration":822,"passed_time":1.714216631,"remaining_time":0.3686711345},
{"learn":[34.58482872],"iteration":823,"passed_time":1.715921753,"remaining_time":0.366507559},
{"learn":[34.56247742],"iteration":824,"passed_time":1.717677959,"remaining_time":0.3643559307},
{"learn":[34.55679309],"iteration":825,"passed_time":1.719432044,"remaining_time":0.3622048131},
{"learn":[34.5496684],"iteration":826,"passed_time":1.721162722,"remaining_time":0.3600497592},
{"learn":[34.52737761],"iteration":827,"passed_time":1.722915392,"remaining_time":0.3579002988},
{"learn":[34.51754145],"iteration":828,"passed_time":1.724848442,"remaining_time":0.3557890031},
{"learn":[34.49990461],"iteration":829,"passed_time":1.726615556,"remaining_time":0.3536441501},
{"learn":[34.49202234],"iteration":830,"passed_time":1.728417462,"remaining_time":0.3515072817},
{"learn":[34.47992581],"iteration":831,"passed_time":1.730232245,"remaining_time":0.3493738186},
{"learn":[34.4539136],"iteration":832,"passed_time":1.732110691,"remaining_time":0.3472538841},
{"learn":[34.44939108],"iteration":833,"passed_time":1.733934842,"remaining_time":0.3451237215},
{"learn":[34.44559177],"iteration":834,"passed_time":1.735705578,"remaining_time":0.342983737},
{"learn":[34.44233213],"iteration":835,"passed_time":1.73747848,"remaining_time":0.3408450607},
{"learn":[34.43561859],"iteration":836,"passed_time":1.739175967,"remaining_time":0.3386925719},
{"learn":[34.41796436],"iteration":837,"passed_time":1.740920389,"remaining_time":0.3365502423},
{"learn":[34.4087404],"iteration":838,"passed_time":1.742699119,"remaining_time":0.3344154448},
{"learn":[34.39968893],"iteration":839,"passed_time":1.744699945,"remaining_time":0.332323799},
{"learn":[34.340374],"iteration":840,"passed_time":1.746520183,"remaining_time":0.3301982272},
{"learn":[34.30398436],"iteration":841,"passed_time":1.748388667,"remaining_time":0.3280824339},
{"learn":[34.29557069],"iteration":842,"passed_time":1.750131874,"remaining_time":0.3259438958},
{"learn":[34.27385322],"iteration":843,"passed_time":1.751876724,"remaining_time":0.3238065982},
{"learn":[34.26744263],"iteration":844,"passed_time":1.753593791,"remaining_time":0.3216651332},
{"learn":[34.25076823],"iteration":845,"passed_time":1.75536904,"remaining_time":0.3195352626},
{"learn":[34.24878833],"iteration":846,"passed_time":1.757074652,"remaining_time":0.3173936502},
{"learn":[34.19098493],"iteration":847,"passed_time":1.759034727,"remaining_time":0.3152986775},
{"learn":[34.18556655],"iteration":848,"passed_time":1.761628372,"remaining_time":0.3133167069},
{"learn":[34.17777395],"iteration":849,"passed_time":1.7634102,"remaining_time":0.3111900353},
{"learn":[34.17236577],"iteration":850,"passed_time":1.765106534,"remaining_time":0.3090492051},
{"learn":[34.16799303],"iteration":851,"passed_time":1.766795562,"remaining_time":0.3069081493},
{"learn":[34.13492451],"iteration":852,"passed_time":1.768634447,"remaining_time":0.3047939786},
{"learn":[34.11375471],"iteration":853,"passed_time":1.770503644,"remaining_time":0.3026856347},
{"learn":[34.10607443],"iteration":854,"passed_time":1.772293028,"remaining_time":0.3005643146},
{"learn":[34.09139381],"iteration":855,"passed_time":1.774124189,"remaining_time":0.2984507981},
{"learn":[34.06047372],"iteration":856,"passed_time":1.775865018,"remaining_time":0.2963228676},
{"learn":[34.05511398],"iteration":857,"passed_time":1.777597576,"remaining_time":0.2941944707},
{"learn":[34.03578747],"iteration":858,"passed_time":1.779419353,"remaining_time":0.29208164},
{"learn":[34.03176314],"iteration":859,"passed_time":1.781276313,"remaining_time":0.2899752138},
{"learn":[34.01768912],"iteration":860,"passed_time":1.78308315,"remaining_time":0.2878612751},
{"learn":[34.01184713],"iteration":861,"passed_time":1.784856705,"remaining_time":0.2857427207},
{"learn":[33.95705382],"iteration":862,"passed_time":1.786676471,"remaining_time":0.2836323019},
{"learn":[33.95190241],"iteration":863,"passed_time":1.788388153,"remaining_time":0.2815055427},
{"learn":[33.8986183],"iteration":864,"passed_time":1.790571251,"remaining_time":0.2794533166},
{"learn":[33.8886303],"iteration":865,"passed_time":1.792320838,"remaining_time":0.2773337094},
{"learn":[33.88336001],"iteration":866,"passed_time":1.794071849,"remaining_time":0.275215174},
{"learn":[33.87597576],"iteration":867,"passed_time":1.795882318,"remaining_time":0.2731065277},
{"learn":[33.87093933],"iteration":868,"passed_time":1.797675735,"remaining_time":0.2709959969},
{"learn":[33.86611678],"iteration":869,"passed_time":1.799432378,"remaining_time":0.2688807002},
{"learn":[33.86135791],"iteration":870,"passed_time":1.801158138,"remaining_time":0.266761653},
{"learn":[33.8496935],"iteration":871,"passed_time":1.802930916,"remaining_time":0.2646504097},
{"learn":[33.84042267],"iteration":872,"passed_time":1.804933219,"remaining_time":0.2625733319},
{"learn":[33.81967196],"iteration":873,"passed_time":1.806721287,"remaining_time":0.2604655402},
{"learn":[33.7997377],"iteration":874,"passed_time":1.808567114,"remaining_time":0.2583667306},
{"learn":[33.7920822],"iteration":875,"passed_time":1.810315386,"remaining_time":0.2562546893},
{"learn":[33.77827647],"iteration":876,"passed_time":1.812133368,"remaining_time":0.2541532546},
{"learn":[33.76859357],"iteration":877,"passed_time":1.814021721,"remaining_time":0.2520622437},
{"learn":[33.76403844],"iteration":878,"passed_time":1.815750217,"remaining_time":0.2499496886},
{"learn":[33.75788179],"iteration":879,"passed_time":1.817522017,"remaining_time":0.2478439114},
{"learn":[33.74640042],"iteration":880,"passed_time":1.819243195,"remaining_time":0.2457320548},
{"learn":[33.73785495],"iteration":881,"passed_time":1.821040273,"remaining_time":0.2436312383},
{"learn":[33.7325704],"iteration":882,"passed_time":1.822895473,"remaining_time":0.2415388113},
{"learn":[33.71862521],"iteration":883,"passed_time":1.8246464,"remaining_time":0.239433238},
{"learn":[33.71148145],"iteration":884,"passed_time":1.826391257,"remaining_time":0.2373276775},
{"learn":[33.70663709],"iteration":885,"passed_time":1.828143924,"remaining_time":0.235223936},
{"learn":[33.69762506],"iteration":886,"passed_time":1.829921824,"remaining_time":0.2331242008},
{"learn":[33.69296232],"iteration":887,"passed_time":1.83160625,"remaining_time":0.2310134009},
{"learn":[33.68478196],"iteration":888,"passed_time":1.833464884,"remaining_time":0.2289253117},
{"learn":[33.68128524],"iteration":889,"passed_time":1.835272482,"remaining_time":0.2268314303},
{"learn":[33.67501144],"iteration":890,"passed_time":1.837091451,"remaining_time":0.2247395826},
{"learn":[33.66910677],"iteration":891,"passed_time":1.838868894,"remaining_time":0.222643319},
{"learn":[33.66499098],"iteration":892,"passed_time":1.840617736,"remaining_time":0.2205443424},
{"learn":[33.66192454],"iteration":893,"passed_time":1.842388126,"remaining_time":0.218448704},
{"learn":[33.6513025],"iteration":894,"passed_time":1.844102742,"remaining_time":0.216347249},
{"learn":[33.64567471],"iteration":895,"passed_time":1.845877866,"remaining_time":0.2142536808},
{"learn":[33.62585362],"iteration":896,"passed_time":1.847606844,"remaining_time":0.2121555239},
{"learn":[33.6214814],"iteration":897,"passed_time":1.849781995,"remaining_time":0.2101088681},
{"learn":[33.61606897],"iteration":898,"passed_time":1.851452642,"remaining_time":0.2080052467},
{"learn":[33.60782429],"iteration":899,"passed_time":1.8531828,"remaining_time":0.2059092},
{"learn":[33.60292209],"iteration":900,"passed_time":1.85501472,"remaining_time":0.2038251468},
{"learn":[33.59883061],"iteration":901,"passed_time":1.856707067,"remaining_time":0.2017264884},
{"learn":[33.57957436],"iteration":902,"passed_time":1.858435273,"remaining_time":0.1996325819},
{"learn":[33.55966444],"iteration":903,"passed_time":1.860205501,"remaining_time":0.197543947},
{"learn":[33.55089901],"iteration":904,"passed_time":1.861985072,"remaining_time":0.1954569965},
{"learn":[33.54260048],"iteration":905,"passed_time":1.863717962,"remaining_time":0.1933658812},
{"learn":[33.53854009],"iteration":906,"passed_time":1.86563961,"remaining_time":0.1912949104},
{"learn":[33.53191232],"iteration":907,"passed_time":1.867434923,"remaining_time":0.189211468},
{"learn":[33.52301524],"iteration":908,"passed_time":1.869221204,"remaining_time":0.1871277553},
{"learn":[33.52095272],"iteration":909,"passed_time":1.871044116,"remaining_time":0.1850483192},
{"learn":[33.51369368],"iteration":910,"passed_time":1.872793911,"remaining_time":0.182962303},
{"learn":[33.49704497],"iteration":911,"passed_time":1.874634075,"remaining_time":0.180885744},
{"learn":[33.47881702],"iteration":912,"passed_time":1.876381659,"remaining_time":0.1788008809},
{"learn":[33.44364825],"iteration":913,"passed_time":1.878148833,"remaining_time":0.1767185992},
{"learn":[33.42725088],"iteration":914,"passed_time":1.879822212,"remaining_time":0.1746282929},
{"learn":[33.40952802],"iteration":915,"passed_time":1.881679817,"remaining_time":0.1725557911},
{"learn":[33.40532698],"iteration":916,"passed_time":1.883347686,"remaining_time":0.1704665844},
{"learn":[33.39667869],"iteration":917,"passed_time":1.885096338,"remaining_time":0.1683855116},
{"learn":[33.38908333],"iteration":918,"passed_time":1.886899614,"remaining_time":0.1663099768},
{"learn":[33.37983669],"iteration":919,"passed_time":1.888631185,"remaining_time":0.1642287987},
{"learn":[33.37124025],"iteration":920,"passed_time":1.890334493,"remaining_time":0.1621459554},
{"learn":[33.36718735],"iteration":921,"passed_time":1.892054248,"remaining_time":0.1600653269},
{"learn":[33.36286723],"iteration":922,"passed_time":1.893767247,"remaining_time":0.1579849166},
{"learn":[33.34432809],"iteration":923,"passed_time":1.895584099,"remaining_time":0.1559138437},
{"learn":[33.33230367],"iteration":924,"passed_time":1.89735426,"remaining_time":0.1538395346},
{"learn":[33.31613004],"iteration":925,"passed_time":1.899195573,"remaining_time":0.1517715685},
{"learn":[33.31333008],"iteration":926,"passed_time":1.900923505,"remaining_time":0.1496951627},
{"learn":[33.29495239],"iteration":927,"passed_time":1.902657958,"remaining_time":0.147620014},
{"learn":[33.28365324],"iteration":928,"passed_time":1.904494732,"remaining_time":0.1455534187},
{"learn":[33.2704212],"iteration":929,"passed_time":1.906283512,"remaining_time":0.1434837052},
{"learn":[33.25719315],"iteration":930,"passed_time":1.908035407,"remaining_time":0.1414118615},
{"learn":[33.25053307],"iteration":931,"passed_time":1.909845317,"remaining_time":0.1393449373},
{"learn":[33.24198203],"iteration":932,"passed_time":1.91230681,"remaining_time":0.1373253551},
{"learn":[33.23515358],"iteration":933,"passed_time":1.914035613,"remaining_time":0.1352530519},
{"learn":[33.22718968],"iteration":934,"passed_time":1.915712787,"remaining_time":0.1331778943},
{"learn":[33.21923901],"iteration":935,"passed_time":1.917465969,"remaining_time":0.1311087842},
{"learn":[33.17681726],"iteration":936,"passed_time":1.9192183,"remaining_time":0.1290402912},
{"learn":[33.12419813],"iteration":937,"passed_time":1.921084827,"remaining_time":0.1269800206},
{"learn":[33.11772271],"iteration":938,"passed_time":1.922913037,"remaining_time":0.1249176733},
{"learn":[33.10812979],"iteration":939,"passed_time":1.924789298,"remaining_time":0.1228588913},
{"learn":[33.10353425],"iteration":940,"passed_time":1.926789493,"remaining_time":0.1208082679},
{"learn":[33.09646804],"iteration":941,"passed_time":1.92932808,"remaining_time":0.1187909009},
{"learn":[33.07146801],"iteration":942,"passed_time":1.931323985,"remaining_time":0.1167396258},
{"learn":[33.06518161],"iteration":943,"passed_time":1.933054029,"remaining_time":0.1146726966},
{"learn":[33.05985591],"iteration":944,"passed_time":1.934831405,"remaining_time":0.1126092352},
{"learn":[33.05250671],"iteration":945,"passed_time":1.937462266,"remaining_time":0.1105950976},
{"learn":[33.04506311],"iteration":946,"passed_time":1.940064369,"remaining_time":0.1085780481},
{"learn":[33.02702394],"iteration":947,"passed_time":1.942761803,"remaining_time":0.1065649934},
{"learn":[33.01363341],"iteration":948,"passed_time":1.946468611,"remaining_time":0.1046047409},
{"learn":[33.007072],"iteration":949,"passed_time":1.948926782,"remaining_time":0.1025750938},
{"learn":[32.98972137],"iteration":950,"passed_time":1.952198572,"remaining_time":0.1005864669},
{"learn":[32.98556813],"iteration":951,"passed_time":1.954602084,"remaining_time":0.09855136559},
{"learn":[32.98182772],"iteration":952,"passed_time":1.957085705,"remaining_time":0.09651944189},
{"learn":[32.96964698],"iteration":953,"passed_time":1.959317241,"remaining_time":0.09447441622},
{"learn":[32.96569624],"iteration":954,"passed_time":1.963700504,"remaining_time":0.09253039023},
{"learn":[32.9574494],"iteration":955,"passed_time":1.965756251,"remaining_time":0.09047413707},
{"learn":[32.93041117],"iteration":956,"passed_time":1.967568971,"remaining_time":0.08840696525},
{"learn":[32.92134836],"iteration":957,"passed_time":1.969378465,"remaining_time":0.08634018324},
{"learn":[32.91747102],"iteration":958,"passed_time":1.971209966,"remaining_time":0.08427487865},
{"learn":[32.91190019],"iteration":959,"passed_time":1.973006968,"remaining_time":0.08220862365},
{"learn":[32.89977645],"iteration":960,"passed_time":1.974785252,"remaining_time":0.08014216944},
{"learn":[32.89380461],"iteration":961,"passed_time":1.977196259,"remaining_time":0.07810130752},
{"learn":[32.88593352],"iteration":962,"passed_time":1.97901473,"remaining_time":0.07603691072},
{"learn":[32.88218836],"iteration":963,"passed_time":1.980797796,"remaining_time":0.07397170192},
{"learn":[32.85943574],"iteration":964,"passed_time":1.982561192,"remaining_time":0.07190636448},
{"learn":[32.84019359],"iteration":965,"passed_time":1.984354322,"remaining_time":0.06984269869},
{"learn":[32.82951835],"iteration":966,"passed_time":1.986196163,"remaining_time":0.06778125479},
{"learn":[32.8109594],"iteration":967,"passed_time":1.988082014,"remaining_time":0.06572171947},
{"learn":[32.80346464],"iteration":968,"passed_time":1.989878149,"remaining_time":0.06365967247},
{"learn":[32.79221725],"iteration":969,"passed_time":1.991706049,"remaining_time":0.06159915615},
{"learn":[32.78860168],"iteration":970,"passed_time":1.993527641,"remaining_time":0.05953893058},
{"learn":[32.77945968],"iteration":971,"passed_time":1.995270073,"remaining_time":0.05747691568},
{"learn":[32.77252647],"iteration":972,"passed_time":1.997079523,"remaining_time":0.0554174174},
{"learn":[32.76625922],"iteration":973,"passed_time":1.998873459,"remaining_time":0.05335801842},
{"learn":[32.7503678],"iteration":974,"passed_time":2.000760288,"remaining_time":0.05130154584},
{"learn":[32.74668787],"iteration":975,"passed_time":2.002731947,"remaining_time":0.04924750689},
{"learn":[32.74054937],"iteration":976,"passed_time":2.004446834,"remaining_time":0.0471875918},
{"learn":[32.73157426],"iteration":977,"passed_time":2.006188955,"remaining_time":0.04512899489},
{"learn":[32.71723233],"iteration":978,"passed_time":2.007982548,"remaining_time":0.04307214862},
{"learn":[32.71354407],"iteration":979,"passed_time":2.009762689,"remaining_time":0.04101556508},
{"learn":[32.71162257],"iteration":980,"passed_time":2.011653998,"remaining_time":0.03896169823},
{"learn":[32.70711781],"iteration":981,"passed_time":2.013457893,"remaining_time":0.03690656016},
{"learn":[32.69756614],"iteration":982,"passed_time":2.015409044,"remaining_time":0.0348544799},
{"learn":[32.69200971],"iteration":983,"passed_time":2.017144178,"remaining_time":0.03279909232},
{"learn":[32.67893987],"iteration":984,"passed_time":2.019160846,"remaining_time":0.03074864233},
{"learn":[32.67619531],"iteration":985,"passed_time":2.020859973,"remaining_time":0.02869375215},
{"learn":[32.67204322],"iteration":986,"passed_time":2.02266259,"remaining_time":0.02664094597},
{"learn":[32.66071343],"iteration":987,"passed_time":2.024435802,"remaining_time":0.0245882891},
{"learn":[32.65723269],"iteration":988,"passed_time":2.026241083,"remaining_time":0.02253655401},
{"learn":[32.64823057],"iteration":989,"passed_time":2.028001248,"remaining_time":0.02048486109},
{"learn":[32.64147217],"iteration":990,"passed_time":2.029790819,"remaining_time":0.01843402358},
{"learn":[32.61205379],"iteration":991,"passed_time":2.031511688,"remaining_time":0.01638315878},
{"learn":[32.60833655],"iteration":992,"passed_time":2.033422149,"remaining_time":0.01433429511},
{"learn":[32.5954176],"iteration":993,"passed_time":2.035293805,"remaining_time":0.01228547569},
{"learn":[32.58748061],"iteration":994,"passed_time":2.037096108,"remaining_time":0.01023666386},
{"learn":[32.57521548],"iteration":995,"passed_time":2.038858843,"remaining_time":0.008188188123},
{"learn":[32.56181847],"iteration":996,"passed_time":2.04058408,"remaining_time":0.006140172759},
{"learn":[32.55137924],"iteration":997,"passed_time":2.042319793,"remaining_time":0.004092825237},
{"learn":[32.54757758],"iteration":998,"passed_time":2.044120473,"remaining_time":0.002046166639},
{"learn":[32.53060729],"iteration":999,"passed_time":2.046157634,"remaining_time":0}
]}